district,area_value,area_unit,area_sqft,road_width_ft,bedrooms,bathrooms,floors,building_age,price_npr
Kathmandu,8.91,aana,3049.45,22.0,4.0,3.0,3.0,9.0,36719187
Pokhara,2843.0,sqft,2843.0,22.0,3.0,2.0,2.0,19.0,10720635
Kathmandu,9.99,aana,3419.08,18.0,4.0,3.0,2.5,8.0,29950173
Kathmandu,3399.0,sqft,3399.0,13.0,4.0,3.0,2.0,10.0,24474957
Lalitpur,3.67,aana,1256.06,10.0,4.0,4.0,3.0,8.0,9555974
Kathmandu,4128.0,sqft,4128.0,6.0,3.0,1.0,2.5,11.0,31831047
Pokhara,0.42,ropani,2299.92,10.0,3.0,3.0,1.0,14.0,6496573
Chitwan,14.15,dhur,2578.84,22.0,5.0,4.0,4.0,19.0,20384517
Chitwan,9.34,dhur,1702.21,19.0,3.0,2.0,2.5,22.0,5104932
Kathmandu,0.46,ropani,2518.96,36.0,2.0,,1.5,5.0,26457900
Butwal,3347.0,sqft,3347.0,25.0,4.0,3.0,2.5,15.0,12359110
Butwal,6006.0,sqft,6006.0,16.0,3.0,,2.0,22.0,21240753
Kathmandu,1225.0,sqft,1225.0,34.0,3.0,3.0,2.0,4.0,10867415
Lalitpur,9.15,aana,3131.59,31.0,3.0,2.0,3.0,5.0,26215120
Bhaktapur,1254.0,sqft,1254.0,17.0,5.0,4.0,3.5,21.0,8104452
Chitwan,1.72,katha,6269.4,18.0,3.0,4.0,1.5,34.0,50471500
Lalitpur,3093.0,sqft,3093.0,29.0,3.0,2.0,3.0,4.0,25738693
Lalitpur,7.21,aana,2467.62,6.0,2.0,1.0,2.0,34.0,8824811
Pokhara,19.66,aana,6728.64,10.0,6.0,4.0,3.5,,33913588
Kathmandu,9.85,aana,3371.16,26.0,3.0,2.0,2.0,6.0,29790179
Kathmandu,0.59,ropani,3230.84,11.0,3.0,3.0,2.5,13.0,25830460
Butwal,4244.0,sqft,4244.0,19.0,5.0,4.0,3.0,12.0,14870263
Lalitpur,0.56,ropani,3066.56,14.0,6.0,4.0,2.5,19.0,18606340
Kathmandu,3582.0,sqft,3582.0,35.0,6.0,5.0,2.5,19.0,36752918
Kathmandu,1360.0,sqft,1360.0,24.0,4.0,3.0,1.5,33.0,7708187
Chitwan,12628.0,sqft,12628.0,22.0,6.0,4.0,3.5,6.0,36229064
Pokhara,0.13,ropani,711.88,19.0,6.0,3.0,3.0,7.0,5856835
Pokhara,5.55,aana,1899.49,24.0,6.0,5.0,3.5,5.0,14662510
Kathmandu,1453.0,sqft,1453.0,16.0,3.0,2.0,2.5,19.0,11509567
Chitwan,5.43,katha,19792.35,15.0,4.0,3.0,2.5,25.0,28212525
Lalitpur,9.67,aana,3309.56,21.0,1.0,1.0,1.5,7.0,21559036
Kathmandu,3480.0,sqft,3480.0,12.0,6.0,4.0,3.0,16.0,30616358
Kathmandu,0.23,ropani,1259.48,7.0,2.0,1.0,1.0,12.0,6571940
Kathmandu,15.99,aana,5472.58,17.0,2.0,1.0,2.0,8.0,52220428
Pokhara,4.29,aana,1468.25,21.0,6.0,4.0,3.0,7.0,10430018
Pokhara,0.58,ropani,3176.08,30.0,5.0,4.0,2.5,23.0,16447147
Lalitpur,23.81,aana,8148.97,17.0,2.0,2.0,2.0,10.0,33267843
Pokhara,5.9,aana,2019.28,14.0,2.0,2.0,2.0,8.0,10246753
Lalitpur,4668.0,sqft,4668.0,9.0,3.0,3.0,2.0,11.0,28586727
Bhaktapur,4.76,aana,1629.11,23.0,1.0,1.0,1.0,8.0,6148799
Kathmandu,1143.0,sqft,1143.0,30.0,2.0,1.0,2.5,7.0,11444784
Bhaktapur,2208.0,sqft,2208.0,17.0,4.0,3.0,2.0,6.0,18033440
Pokhara,5421.0,sqft,5421.0,15.0,5.0,4.0,2.0,13.0,21169253
Butwal,0.64,katha,2332.8,22.0,2.0,1.0,2.5,2.0,11716177
Pokhara,0.43,ropani,2354.68,18.0,5.0,4.0,2.5,16.0,11614055
Butwal,17.11,dhur,3118.3,8.0,3.0,2.0,2.5,14.0,10909941
Lalitpur,6.96,aana,2382.06,12.0,2.0,1.0,2.0,13.0,12389177
Pokhara,6.61,aana,2262.27,20.0,6.0,,4.0,18.0,12998313
Pokhara,1.15,ropani,6297.4,,3.0,1.0,3.0,8.0,31957309
Chitwan,1.1,katha,4009.5,29.0,5.0,4.0,3.0,15.0,20379453
Kathmandu,0.22,ropani,1204.72,21.0,6.0,5.0,3.0,6.0,11605532
Pokhara,0.62,ropani,3395.12,13.0,4.0,2.0,3.0,30.0,15618778
Pokhara,6.49,aana,2221.2,15.0,3.0,1.0,1.5,17.0,7955035
Kathmandu,0.18,ropani,985.68,18.0,4.0,4.0,2.5,4.0,9789788
Lalitpur,0.92,ropani,5037.92,14.0,4.0,3.0,3.0,10.0,40326009
Pokhara,4004.0,sqft,4004.0,19.0,4.0,3.0,2.0,44.0,15739839
Bhaktapur,10.71,aana,3665.5,29.0,4.0,3.0,3.0,7.0,26221521
Chitwan,1.32,katha,4811.4,26.0,2.0,1.0,1.5,5.0,15722636
Lalitpur,4.31,aana,1475.1,16.0,4.0,3.0,3.0,9.0,12050723
Butwal,1.34,katha,4884.3,9.0,4.0,2.0,2.5,10.0,14663142
Lalitpur,1.06,ropani,5804.56,19.0,1.0,1.0,1.0,11.0,32456707
Kathmandu,11.84,aana,4052.24,7.0,4.0,2.0,2.0,1.0,29823035
Pokhara,6.19,aana,2118.53,10.0,5.0,5.0,3.5,33.0,10062072
Bhaktapur,0.94,ropani,5147.44,,2.0,1.0,1.0,11.0,141565980
Bhaktapur,5491.0,sqft,5491.0,19.0,3.0,2.0,1.5,14.0,23345792
Kathmandu,4252.0,sqft,4252.0,17.0,5.0,3.0,3.5,10.0,34659465
Kathmandu,0.18,ropani,985.68,16.0,4.0,3.0,,5.0,7307950
Bhaktapur,0.44,ropani,2409.44,8.0,4.0,3.0,2.5,13.0,12770241
Butwal,1.73,katha,6305.85,19.0,5.0,3.0,2.0,1.0,21520712
Pokhara,598.0,sqft,598.0,20.0,2.0,1.0,1.5,5.0,3344226
Bhaktapur,21.66,aana,7413.14,17.0,6.0,5.0,3.5,50.0,36665573
Chitwan,2.49,katha,9076.05,17.0,3.0,3.0,1.5,4.0,20514835
Butwal,2.38,katha,8675.1,8.0,4.0,3.0,2.5,4.0,20151366
Kathmandu,6.73,aana,2303.34,16.0,7.0,5.0,3.5,4.0,23396327
Lalitpur,0.12,ropani,657.12,6.0,4.0,3.0,2.5,8.0,3881823
Kathmandu,9.41,aana,3220.57,18.0,3.0,3.0,2.0,9.0,22220427
Butwal,1.88,katha,6852.6,22.0,,5.0,3.0,16.0,25515362
Chitwan,4017.0,sqft,4017.0,15.0,4.0,3.0,2.5,11.0,18288872
Lalitpur,3083.0,sqft,3083.0,22.0,4.0,4.0,2.0,13.0,23174916
Lalitpur,9.14,aana,3128.17,21.0,2.0,2.0,2.0,7.0,22322177
Bhaktapur,8.16,aana,2792.76,10.0,1.0,1.0,1.0,6.0,12927979
Pokhara,10.67,aana,3651.81,10.0,4.0,2.0,2.5,15.0,13954887
Kathmandu,0.58,ropani,3176.08,22.0,5.0,3.0,3.5,19.0,32769941
Lalitpur,0.72,ropani,3942.72,18.0,4.0,3.0,2.5,8.0,30447230
Kathmandu,0.39,ropani,2135.64,24.0,5.0,3.0,2.0,2.0,18862671
Kathmandu,10.68,aana,3655.23,20.0,4.0,2.0,2.0,8.0,28428341
Pokhara,14.6,aana,4996.85,18.0,1.0,1.0,1.0,21.0,16332648
Lalitpur,11.16,aana,3819.51,18.0,3.0,3.0,2.0,5.0,20777060
Bhaktapur,9978.0,sqft,9978.0,8.0,4.0,3.0,2.5,15.0,39342826
Butwal,1.46,katha,5321.7,9.0,5.0,4.0,3.0,4.0,21067770
Kathmandu,15.69,aana,5369.9,31.0,3.0,2.0,1.5,12.0,39935216
Kathmandu,5.47,aana,1872.11,17.0,4.0,4.0,3.0,29.0,16653916
Lalitpur,10.65,aana,3644.96,22.0,4.0,2.0,2.0,5.0,33824569
Bhaktapur,6.66,aana,2279.39,18.0,2.0,2.0,1.5,4.0,12053461
Lalitpur,2350.0,sqft,2350.0,15.0,3.0,1.0,2.0,5.0,19874420
Lalitpur,2690.0,sqft,2690.0,17.0,7.0,4.0,3.0,1.0,23788381
Kathmandu,6.15,aana,2104.84,26.0,4.0,3.0,2.0,7.0,17888413
Chitwan,2522.0,sqft,2522.0,9.0,2.0,1.0,2.0,5.0,11920600
Kathmandu,4.04,aana,1382.69,6.0,4.0,2.0,2.5,6.0,10886649
Lalitpur,0.31,ropani,1697.56,22.0,3.0,2.0,2.0,17.0,14626789
Lalitpur,3928.0,sqft,3928.0,38.0,,2.0,2.0,4.0,32250567
Kathmandu,1794.0,sqft,1794.0,12.0,3.0,3.0,2.0,7.0,14257245
Kathmandu,2.81,aana,961.72,6.0,6.0,5.0,3.5,14.0,8953153
Lalitpur,3537.0,sqft,3537.0,22.0,5.0,4.0,4.0,14.0,32434767
Lalitpur,17.84,aana,6105.74,29.0,3.0,3.0,2.0,11.0,39493966
Lalitpur,17.5,aana,5989.38,11.0,3.0,3.0,2.5,10.0,32014944
Bhaktapur,11.77,aana,4028.28,13.0,2.0,2.0,2.0,17.0,24021707
Lalitpur,1845.0,sqft,1845.0,17.0,5.0,4.0,3.0,24.0,9443157
Lalitpur,8.72,aana,2984.42,8.0,4.0,3.0,2.0,7.0,18282374
Chitwan,3823.0,sqft,3823.0,9.0,4.0,3.0,3.5,18.0,12971345
Pokhara,1.65,aana,564.71,14.0,4.0,3.0,3.0,16.0,3425575
Lalitpur,0.31,ropani,1697.56,12.0,4.0,4.0,2.5,13.0,11658687
Kathmandu,4.21,aana,1440.87,25.0,7.0,6.0,3.0,17.0,11944251
Lalitpur,5.69,aana,1947.4,10.0,1.0,1.0,1.0,10.0,11160145
Butwal,2.24,katha,8164.8,38.0,3.0,2.0,2.5,9.0,23157721
Lalitpur,9.35,aana,3200.04,9.0,7.0,4.0,3.5,19.0,18662820
Kathmandu,3530.0,sqft,3530.0,18.0,8.0,4.0,4.0,8.0,180912582
Kathmandu,9.14,aana,3128.17,10.0,3.0,3.0,2.5,16.0,27109095
Chitwan,1.26,katha,4592.7,15.0,4.0,3.0,2.0,17.0,14789445
Pokhara,5202.0,sqft,5202.0,31.0,4.0,4.0,2.0,11.0,24899704
Kathmandu,8.39,aana,2871.48,10.0,4.0,3.0,2.0,9.0,17409950
Pokhara,5.96,aana,2039.81,6.0,3.0,2.0,2.5,3.0,10868587
Kathmandu,5987.0,sqft,5987.0,14.0,2.0,1.0,1.0,8.0,56721825
Pokhara,9.25,aana,3165.81,26.0,4.0,4.0,,11.0,13208643
Kathmandu,2761.0,sqft,2761.0,28.0,5.0,4.0,3.0,,32015231
Butwal,8435.0,sqft,8435.0,11.0,4.0,3.0,,6.0,24484361
Bhaktapur,4.14,aana,1416.91,19.0,4.0,3.0,3.0,6.0,9607944
Lalitpur,7.42,aana,2539.49,39.0,3.0,3.0,1.5,1.0,17661496
Chitwan,1.27,katha,4629.15,15.0,,4.0,2.5,1.0,24154889
Pokhara,7849.0,sqft,7849.0,10.0,4.0,4.0,3.0,9.0,36254249
Kathmandu,0.42,ropani,2299.92,6.0,4.0,2.0,2.0,6.0,13056051
Bhaktapur,11.61,aana,3973.52,24.0,6.0,4.0,3.5,4.0,31383108
Chitwan,2.25,katha,8201.25,7.0,5.0,4.0,3.0,3.0,31917911
Chitwan,2.9,katha,10570.5,15.0,2.0,1.0,1.5,0.0,20746009
Lalitpur,3.5,aana,1197.88,15.0,7.0,5.0,4.0,13.0,10085562
Kathmandu,3.48,aana,1191.03,14.0,3.0,2.0,2.0,8.0,8283433
Kathmandu,5.23,aana,1789.97,21.0,5.0,3.0,3.0,16.0,20935875
Chitwan,1515.0,sqft,1515.0,33.0,4.0,3.0,3.5,12.0,9107388
Chitwan,9397.0,sqft,9397.0,17.0,5.0,2.0,3.0,17.0,24173675
Pokhara,5.19,aana,1776.28,13.0,4.0,3.0,3.0,2.0,9569274
Bhaktapur,9663.0,sqft,9663.0,9.0,5.0,3.0,2.5,13.0,35117094
Lalitpur,2801.0,sqft,2801.0,21.0,4.0,3.0,2.0,6.0,17763844
Bhaktapur,0.93,ropani,5092.68,12.0,6.0,4.0,3.5,19.0,32391263
Butwal,6067.0,sqft,6067.0,8.0,7.0,4.0,3.0,12.0,22077679
Pokhara,2962.0,sqft,2962.0,38.0,5.0,4.0,2.5,7.0,18544177
Chitwan,3990.0,sqft,3990.0,13.0,,2.0,2.0,6.0,17750197
Kathmandu,1943.0,sqft,1943.0,17.0,6.0,4.0,3.5,3.0,15912345
Kathmandu,2764.0,sqft,2764.0,14.0,3.0,3.0,3.0,5.0,29037846
Lalitpur,4.96,aana,1697.56,12.0,5.0,4.0,2.5,31.0,9139084
Bhaktapur,0.34,ropani,1861.84,9.0,3.0,3.0,2.5,5.0,11092431
Bhaktapur,19.42,aana,6646.5,28.0,4.0,2.0,2.5,27.0,23552134
Chitwan,2.94,katha,10716.3,27.0,4.0,2.0,2.0,11.0,24257964
Bhaktapur,6.35,aana,2173.29,15.0,3.0,3.0,2.0,8.0,9848801
Butwal,1.54,katha,5613.3,6.0,3.0,2.0,2.0,17.0,15626288
Pokhara,3969.0,sqft,3969.0,29.0,5.0,4.0,3.0,9.0,22518145
Pokhara,0.5,ropani,2738.0,19.0,4.0,3.0,3.0,11.0,14306405
Lalitpur,7.73,aana,2645.59,9.0,3.0,2.0,2.0,8.0,14896721
Kathmandu,3228.0,sqft,3228.0,8.0,5.0,4.0,2.5,13.0,25220920
Butwal,1.72,katha,6269.4,25.0,4.0,2.0,3.0,1.0,36698625
Kathmandu,16.61,aana,5684.77,13.0,4.0,2.0,2.5,12.0,51601734
Kathmandu,4.07,aana,1392.96,6.0,2.0,2.0,2.0,7.0,9329087
Chitwan,2.12,katha,7727.4,9.0,4.0,3.0,3.0,5.0,29768383
Butwal,5.65,dhur,1029.71,12.0,2.0,1.0,2.0,21.0,3180589
Lalitpur,1486.0,sqft,1486.0,25.0,3.0,2.0,2.0,25.0,12023813
Lalitpur,1791.0,sqft,1791.0,11.0,2.0,1.0,2.0,8.0,10563595
Kathmandu,7.84,aana,2683.24,19.0,5.0,3.0,3.0,20.0,19534728
Kathmandu,1828.0,sqft,1828.0,15.0,5.0,4.0,3.0,10.0,14991583
Kathmandu,19.31,aana,6608.85,8.0,3.0,3.0,1.5,15.0,40699052
Lalitpur,4.93,aana,1687.29,14.0,2.0,1.0,2.0,14.0,12709584
Bhaktapur,8.98,aana,3073.41,16.0,6.0,4.0,4.0,15.0,18959525
Chitwan,0.82,katha,2988.9,28.0,6.0,5.0,2.5,11.0,13433725
Kathmandu,9.87,aana,3378.01,17.0,,1.0,2.0,2.0,21058349
Lalitpur,15.6,aana,5339.1,13.0,2.0,2.0,1.0,7.0,28723523
Lalitpur,21.8,aana,7461.05,11.0,6.0,5.0,3.5,12.0,56468767
Lalitpur,36.57,aana,12516.08,20.0,4.0,3.0,3.5,32.0,63934154
Kathmandu,0.47,ropani,2573.72,21.0,1.0,1.0,1.0,9.0,14374233
Kathmandu,7.82,aana,2676.39,6.0,3.0,2.0,1.5,12.0,16377828
Pokhara,9.83,aana,3364.32,18.0,6.0,5.0,3.5,18.0,18538458
Kathmandu,2994.0,sqft,2994.0,6.0,1.0,1.0,1.0,27.0,15963256
Lalitpur,12.54,aana,4291.81,18.0,4.0,3.0,2.5,13.0,31930666
Lalitpur,7.88,aana,2696.93,16.0,3.0,3.0,2.0,22.0,16503510
Chitwan,4533.0,sqft,4533.0,19.0,6.0,4.0,3.0,8.0,24750819
Bhaktapur,4.52,aana,1546.97,26.0,4.0,3.0,2.5,5.0,11813052
Lalitpur,0.69,ropani,3778.44,11.0,4.0,3.0,1.5,16.0,26585660
Chitwan,3919.0,sqft,3919.0,11.0,3.0,2.0,2.5,11.0,17196303
Pokhara,8.64,aana,2957.04,6.0,5.0,4.0,3.0,7.0,18965054
Kathmandu,4.39,aana,1502.48,17.0,3.0,2.0,2.0,9.0,10473318
Lalitpur,0.86,ropani,4709.36,14.0,5.0,3.0,,19.0,39130340
Kathmandu,0.48,ropani,2628.48,17.0,3.0,2.0,3.0,6.0,18880258
Kathmandu,0.65,ropani,3559.4,42.0,3.0,1.0,2.5,29.0,26760304
Butwal,3348.0,sqft,3348.0,14.0,3.0,3.0,3.0,15.0,13898411
Kathmandu,1470.0,sqft,1470.0,16.0,5.0,3.0,2.5,14.0,12660407
Butwal,3572.0,sqft,3572.0,18.0,4.0,3.0,2.0,9.0,14504366
Kathmandu,12.52,aana,4284.97,18.0,5.0,3.0,2.0,1.0,35214271
Butwal,1.94,katha,7071.3,20.0,4.0,2.0,2.0,15.0,19276728
Bhaktapur,31.27,aana,10702.16,11.0,1.0,1.0,1.0,14.0,45733389
Lalitpur,3002.0,sqft,3002.0,,4.0,3.0,2.5,14.0,30503663
Pokhara,15.17,aana,5191.93,28.0,4.0,2.0,2.0,28.0,23705469
Butwal,1.74,katha,6342.3,16.0,8.0,7.0,3.0,22.0,20897899
Lalitpur,11.87,aana,4062.51,10.0,5.0,4.0,2.0,17.0,23424148
Butwal,1652.0,sqft,1652.0,18.0,5.0,5.0,2.0,4.0,9482369
Kathmandu,6.14,aana,2101.41,10.0,2.0,1.0,1.5,29.0,7498069
Kathmandu,0.49,ropani,2683.24,16.0,3.0,2.0,3.0,17.0,25534432
Lalitpur,884.0,sqft,884.0,23.0,3.0,2.0,2.5,7.0,6335688
Pokhara,0.81,ropani,4435.56,19.0,5.0,3.0,2.5,2.0,21071217
Bhaktapur,18.07,aana,6184.46,6.0,6.0,4.0,3.0,6.0,25200352
Bhaktapur,17.82,aana,6098.9,13.0,5.0,3.0,2.0,11.0,33005608
Butwal,1.32,katha,4811.4,10.0,3.0,2.0,2.5,21.0,16326867
Pokhara,0.71,ropani,3887.96,24.0,1.0,1.0,1.0,19.0,17018957
Chitwan,1.59,katha,5795.55,26.0,1.0,1.0,1.5,3.0,15332705
Pokhara,5.96,aana,2039.81,30.0,4.0,3.0,2.5,14.0,11899399
Pokhara,0.72,ropani,3942.72,,4.0,3.0,2.5,10.0,23651092
Lalitpur,7.59,aana,2597.68,24.0,2.0,2.0,2.0,40.0,14002632
Bhaktapur,8.71,aana,2981.0,26.0,5.0,5.0,2.5,14.0,17682517
Kathmandu,8.56,aana,2929.66,24.0,4.0,4.0,2.5,16.0,34699763
Kathmandu,2312.0,sqft,2312.0,6.0,3.0,2.0,2.0,22.0,14162181
Lalitpur,2817.0,sqft,2817.0,15.0,2.0,1.0,2.0,17.0,18036455
Bhaktapur,7.41,aana,2536.07,13.0,2.0,2.0,2.5,2.0,15514271
Lalitpur,2110.0,sqft,2110.0,6.0,7.0,5.0,3.5,11.0,19063845
Pokhara,9.67,aana,3309.56,6.0,4.0,4.0,2.0,12.0,14086324
Lalitpur,15.24,aana,5215.89,31.0,5.0,4.0,3.0,15.0,52285299
Bhaktapur,0.3,ropani,1642.8,41.0,3.0,2.0,3.0,24.0,7849091
Kathmandu,16.51,aana,5650.55,16.0,2.0,1.0,2.0,9.0,30267002
Pokhara,6.12,aana,2094.57,6.0,5.0,3.0,2.5,31.0,6614449
Butwal,1.11,katha,4045.95,15.0,2.0,1.0,2.0,11.0,15573468
Chitwan,8028.0,sqft,8028.0,29.0,4.0,,2.0,16.0,18336785
Bhaktapur,6.97,aana,2385.48,34.0,6.0,4.0,2.5,1.0,17608194
Chitwan,0.89,katha,3244.05,15.0,2.0,1.0,2.0,3.0,13206790
Lalitpur,2572.0,sqft,2572.0,12.0,3.0,3.0,2.0,9.0,19260788
Kathmandu,5122.0,sqft,5122.0,15.0,3.0,2.0,3.0,2.0,51895868
Bhaktapur,1474.0,sqft,1474.0,16.0,7.0,6.0,3.5,12.0,13716629
Lalitpur,14.59,aana,4993.43,18.0,2.0,2.0,3.0,10.0,38626517
Bhaktapur,7.03,aana,2406.02,17.0,3.0,2.0,1.5,12.0,12220484
Bhaktapur,4.62,aana,1581.19,15.0,1.0,1.0,1.0,32.0,5514415
Lalitpur,0.42,ropani,2299.92,45.0,2.0,1.0,1.0,2.0,17013440
Kathmandu,11.47,aana,3925.61,20.0,4.0,4.0,2.5,3.0,36322869
Bhaktapur,5.18,aana,1772.85,7.0,3.0,2.0,2.5,1.0,12916534
Butwal,26.38,dhur,4807.76,15.0,4.0,3.0,2.0,15.0,21379228
Kathmandu,0.85,ropani,4654.6,20.0,3.0,2.0,2.0,7.0,31130990
Pokhara,11.02,aana,3771.59,22.0,3.0,2.0,2.0,21.0,16527483
Chitwan,3.9,katha,14215.5,6.0,3.0,2.0,2.0,8.0,23325624
Kathmandu,11.67,aana,3994.06,24.0,3.0,3.0,2.0,4.0,29998807
Chitwan,12.08,dhur,2201.58,45.0,7.0,5.0,4.0,15.0,13885895
Chitwan,1.38,katha,5030.1,27.0,5.0,3.0,3.5,7.0,31562738
Lalitpur,16.69,aana,5712.15,31.0,6.0,4.0,3.0,12.0,37931089
Bhaktapur,2.55,ropani,13963.8,9.0,5.0,4.0,2.0,16.0,42286665
Kathmandu,8.1,aana,2772.22,6.0,4.0,3.0,3.0,13.0,21609330
Butwal,2.0,katha,7290.0,18.0,3.0,3.0,2.5,10.0,21372363
Bhaktapur,1336.0,sqft,1336.0,26.0,5.0,3.0,2.5,3.0,9121328
Kathmandu,2629.0,sqft,2629.0,9.0,7.0,5.0,3.0,1.0,34274178
Pokhara,4.34,aana,1485.37,25.0,2.0,1.0,2.0,6.0,8101016
Lalitpur,0.31,ropani,1697.56,25.0,4.0,1.0,3.0,2.0,14125895
Pokhara,15.23,aana,5212.47,17.0,6.0,5.0,3.5,15.0,28726985
Lalitpur,6.34,aana,2169.86,6.0,5.0,4.0,2.5,12.0,10604255
Lalitpur,1734.0,sqft,1734.0,17.0,6.0,6.0,4.0,10.0,16140322
Chitwan,6551.0,sqft,6551.0,11.0,8.0,6.0,3.5,29.0,20280668
Pokhara,16.61,aana,5684.77,18.0,5.0,4.0,2.0,30.0,20521154
Lalitpur,27.38,aana,9370.81,24.0,7.0,6.0,4.0,2.0,71381312
Pokhara,0.41,ropani,2245.16,23.0,4.0,3.0,3.0,21.0,14236980
Chitwan,4106.0,sqft,4106.0,32.0,2.0,2.0,1.5,18.0,11039081
Bhaktapur,0.65,ropani,3559.4,9.0,4.0,3.0,2.0,10.0,22415598
Pokhara,5.79,aana,1981.63,,4.0,4.0,2.0,27.0,6695974
Pokhara,5.93,aana,2029.54,9.0,5.0,4.0,3.5,23.0,11022910
Bhaktapur,8.75,aana,2994.69,20.0,2.0,2.0,1.0,2.0,20447721
Kathmandu,2.94,aana,1006.22,8.0,2.0,2.0,2.0,7.0,6975631
Chitwan,2.57,katha,9367.65,29.0,2.0,3.0,1.5,4.0,19354050
Bhaktapur,1487.0,sqft,1487.0,,3.0,2.0,2.0,18.0,7902930
Kathmandu,18.48,aana,6324.78,24.0,3.0,2.0,2.0,5.0,58025077
Lalitpur,0.64,ropani,3504.64,19.0,5.0,3.0,3.0,14.0,27041645
Kathmandu,4.09,aana,1399.8,29.0,7.0,5.0,3.0,50.0,12213028
Lalitpur,12.03,aana,4117.27,16.0,3.0,2.0,1.5,14.0,22808830
Kathmandu,3.41,aana,1167.07,12.0,7.0,6.0,4.0,6.0,12315469
Chitwan,0.78,katha,2843.1,27.0,5.0,4.0,3.0,2.0,18001391
Kathmandu,1141.0,sqft,1141.0,12.0,1.0,1.0,1.0,6.0,6901284
Kathmandu,7.97,aana,2727.73,9.0,5.0,4.0,4.0,21.0,24518347
Pokhara,9.62,aana,3292.44,14.0,4.0,3.0,2.0,11.0,18882200
Kathmandu,9.82,aana,3360.89,8.0,5.0,5.0,2.5,11.0,28221273
Chitwan,1.46,katha,5321.7,22.0,3.0,2.0,1.0,19.0,12510922
Pokhara,12.53,aana,4288.39,9.0,3.0,2.0,1.5,15.0,12837319
Butwal,2.84,katha,10351.8,16.0,5.0,4.0,3.5,6.0,31157142
Pokhara,1426.0,sqft,1426.0,20.0,5.0,2.0,3.0,10.0,11165034
Bhaktapur,6.17,aana,2111.68,6.0,1.0,1.0,2.0,8.0,12661954
Bhaktapur,5.06,aana,1731.78,26.0,3.0,2.0,2.0,9.0,11344532
Kathmandu,3316.0,sqft,3316.0,16.0,2.0,3.0,1.0,20.0,34801395
Chitwan,44.45,dhur,8101.01,10.0,6.0,4.0,3.5,,28323785
Bhaktapur,3979.0,sqft,3979.0,7.0,5.0,4.0,2.5,13.0,20584381
Bhaktapur,7.68,aana,2628.48,16.0,5.0,4.0,3.0,9.0,15047466
Bhaktapur,19.22,aana,6578.04,24.0,5.0,4.0,3.0,16.0,37049276
Chitwan,3531.0,sqft,3531.0,14.0,4.0,3.0,2.0,4.0,10587823
Kathmandu,9.92,aana,3395.12,8.0,4.0,3.0,2.0,9.0,21309326
Pokhara,5.44,aana,1861.84,22.0,5.0,4.0,3.5,14.0,12459054
Kathmandu,1974.0,sqft,1974.0,7.0,1.0,1.0,2.0,4.0,14601547
Pokhara,2.73,aana,934.34,13.0,3.0,3.0,2.5,2.0,7006568
Kathmandu,3.25,aana,1112.31,16.0,4.0,3.0,,4.0,9222816
Butwal,2.97,katha,10825.65,17.0,4.0,5.0,3.0,14.0,41821375
Bhaktapur,5626.0,sqft,5626.0,14.0,5.0,3.0,2.5,12.0,41080784
Kathmandu,7.87,aana,2693.51,14.0,3.0,3.0,2.0,7.0,24427156
Bhaktapur,5810.0,sqft,5810.0,11.0,3.0,3.0,2.0,12.0,23250943
Lalitpur,23.64,aana,8090.79,30.0,7.0,4.0,3.5,8.0,52452340
Chitwan,26.7,dhur,4866.07,28.0,6.0,5.0,3.5,25.0,24448139
Butwal,1.59,katha,5795.55,15.0,4.0,3.0,2.5,27.0,18394642
Bhaktapur,2274.0,sqft,2274.0,30.0,5.0,5.0,3.0,9.0,19398622
Lalitpur,1208.0,sqft,1208.0,12.0,5.0,4.0,3.5,8.0,11033717
Kathmandu,2658.0,sqft,2658.0,14.0,5.0,4.0,2.0,3.0,20217397
Pokhara,0.97,ropani,5311.72,20.0,7.0,5.0,4.0,19.0,35301045
Butwal,26.07,dhur,4751.26,12.0,6.0,5.0,4.0,6.0,36670337
Kathmandu,2263.0,sqft,2263.0,15.0,4.0,3.0,3.0,12.0,22653506
Butwal,0.78,katha,2843.1,21.0,4.0,3.0,2.0,10.0,9277783
Butwal,7474.0,sqft,7474.0,8.0,3.0,2.0,2.0,13.0,19143935
Lalitpur,2530.0,sqft,2530.0,30.0,3.0,4.0,2.0,8.0,15487902
Kathmandu,28.72,aana,9829.42,8.0,4.0,2.0,2.0,28.0,53406504
Kathmandu,5.89,aana,2015.85,6.0,4.0,3.0,3.0,9.0,14787215
Bhaktapur,2510.0,sqft,2510.0,39.0,7.0,6.0,3.5,18.0,19190933
Pokhara,2249.0,sqft,2249.0,30.0,5.0,5.0,4.0,10.0,17790581
Pokhara,0.38,ropani,2080.88,31.0,5.0,4.0,3.0,18.0,12717468
Kathmandu,2606.0,sqft,2606.0,17.0,4.0,3.0,2.0,2.0,19047454
Lalitpur,9.93,aana,3398.54,21.0,5.0,5.0,4.0,4.0,37156271
Lalitpur,0.51,ropani,2792.76,13.0,4.0,3.0,3.0,49.0,17897967
Bhaktapur,1256.0,sqft,1256.0,29.0,3.0,2.0,2.0,3.0,6887329
Kathmandu,6.69,aana,2289.65,15.0,5.0,4.0,3.0,17.0,21186680
Kathmandu,11.6,aana,3970.1,21.0,5.0,4.0,,20.0,43440807
Kathmandu,8.87,aana,3035.76,19.0,8.0,6.0,3.0,11.0,24685471
Bhaktapur,5.85,aana,2002.16,7.0,5.0,5.0,2.5,8.0,10567243
Bhaktapur,5.37,aana,1837.88,15.0,4.0,3.0,2.5,3.0,9930989
Kathmandu,8.97,aana,3069.98,22.0,5.0,4.0,2.5,20.0,23888207
Kathmandu,0.86,ropani,4709.36,10.0,4.0,2.0,2.5,14.0,32571127
Kathmandu,3.89,aana,1331.35,14.0,6.0,4.0,4.0,29.0,9919359
Chitwan,0.61,katha,2223.45,9.0,3.0,2.0,2.0,9.0,9036117
Pokhara,8.29,aana,2837.25,16.0,2.0,1.0,1.5,9.0,10822204
Butwal,3.56,katha,12976.2,14.0,6.0,4.0,3.5,8.0,41415171
Pokhara,4.09,aana,1399.8,10.0,5.0,5.0,3.5,13.0,8757018
Pokhara,0.45,ropani,2464.2,19.0,1.0,1.0,2.0,50.0,7025846
Kathmandu,3.61,aana,1235.52,14.0,2.0,2.0,2.0,8.0,11492182
Bhaktapur,2.96,aana,1013.06,9.0,3.0,3.0,1.5,11.0,4193777
Lalitpur,9.48,aana,3244.53,9.0,7.0,5.0,4.0,27.0,21735116
Kathmandu,6.05,aana,2070.61,15.0,3.0,1.0,2.5,4.0,13754209
Chitwan,3876.0,sqft,3876.0,19.0,2.0,1.0,2.0,2.0,13579437
Bhaktapur,15.99,aana,5472.58,45.0,1.0,1.0,2.0,8.0,34601771
Kathmandu,2185.0,sqft,2185.0,9.0,4.0,3.0,2.0,3.0,14425450
Butwal,10067.0,sqft,10067.0,20.0,4.0,3.0,2.5,28.0,21288328
Kathmandu,11.18,aana,3826.36,29.0,3.0,2.0,3.0,10.0,37296523
Kathmandu,13.08,aana,4476.63,6.0,4.0,3.0,3.0,25.0,33794534
Chitwan,0.97,katha,3535.65,10.0,2.0,1.0,2.0,13.0,10743901
Kathmandu,6.61,aana,2262.27,24.0,1.0,1.0,1.0,3.0,13695407
Lalitpur,14.67,aana,5020.81,10.0,5.0,3.0,3.5,16.0,36452820
Butwal,1.73,katha,6305.85,25.0,5.0,4.0,2.5,8.0,21713913
Lalitpur,2994.0,sqft,2994.0,23.0,5.0,5.0,3.5,21.0,24497740
Kathmandu,0.2,ropani,1095.2,10.0,7.0,,4.0,12.0,1821831
Pokhara,5.1,aana,1745.47,18.0,3.0,2.0,2.5,11.0,7980844
Bhaktapur,2374.0,sqft,2374.0,12.0,4.0,3.0,2.0,14.0,13914747
Lalitpur,6.14,aana,2101.41,,4.0,,2.5,22.0,13671882
Kathmandu,2495.0,sqft,2495.0,16.0,1.0,1.0,1.0,27.0,12376909
Chitwan,1.21,katha,4410.45,13.0,6.0,4.0,4.0,21.0,17863070
Chitwan,19237.0,sqft,19237.0,17.0,5.0,3.0,2.5,16.0,37486941
Pokhara,8.35,aana,2857.79,11.0,4.0,2.0,2.0,25.0,11586578
Kathmandu,10.26,aana,3511.49,11.0,5.0,3.0,2.5,6.0,32239408
Chitwan,45.51,dhur,8294.2,16.0,3.0,2.0,2.0,21.0,18334946
Chitwan,3.23,katha,11773.35,18.0,3.0,4.0,2.0,13.0,29928094
Lalitpur,22.75,aana,7786.19,16.0,3.0,2.0,1.0,5.0,36142224
Butwal,1.94,katha,7071.3,8.0,2.0,1.0,2.0,13.0,15767510
Pokhara,13.62,aana,4661.44,22.0,6.0,4.0,4.0,4.0,41050511
Butwal,2.93,katha,10679.85,17.0,4.0,3.0,2.5,14.0,24024590
Chitwan,47.43,dhur,8644.12,22.0,3.0,2.0,2.5,2.0,25480287
Lalitpur,8344.0,sqft,8344.0,31.0,3.0,3.0,1.5,8.0,53260936
Bhaktapur,7.11,aana,2433.4,31.0,7.0,5.0,3.0,30.0,11995908
Kathmandu,0.59,ropani,3230.84,38.0,7.0,6.0,3.5,5.0,39805260
Kathmandu,8.6,aana,2943.35,16.0,2.0,1.0,1.5,6.0,24251843
Butwal,3.38,katha,12320.1,15.0,4.0,3.0,3.5,21.0,37998752
Kathmandu,8.92,aana,3052.87,28.0,3.0,2.0,,7.0,29241457
Pokhara,4.19,aana,1434.03,20.0,,3.0,2.0,9.0,7027888
Lalitpur,4032.0,sqft,4032.0,13.0,4.0,3.0,3.0,10.0,24232687
Lalitpur,7.92,aana,2710.62,21.0,6.0,4.0,3.0,7.0,22749915
Chitwan,1.51,katha,5503.95,19.0,1.0,,1.0,11.0,12393380
Kathmandu,10.64,aana,3641.54,13.0,2.0,2.0,2.0,2.0,23110122
Kathmandu,9.85,aana,3371.16,22.0,3.0,3.0,2.5,21.0,30934221
Lalitpur,2266.0,sqft,2266.0,6.0,3.0,2.0,,14.0,9427718
Pokhara,0.43,ropani,2354.68,9.0,3.0,2.0,2.5,19.0,14777736
Kathmandu,6.2,aana,2121.95,12.0,4.0,3.0,2.0,10.0,14593886
Pokhara,20.13,aana,6889.49,25.0,4.0,3.0,2.5,3.0,37227163
Kathmandu,6.16,aana,2108.26,14.0,8.0,,4.0,25.0,17712710
Butwal,5703.0,sqft,5703.0,13.0,4.0,3.0,2.5,6.0,28794063
Pokhara,7.37,aana,2522.38,6.0,4.0,3.0,2.0,9.0,13769703
Lalitpur,5488.0,sqft,5488.0,28.0,4.0,2.0,3.0,18.0,41317098
Lalitpur,3.06,aana,1047.29,21.0,4.0,4.0,1.5,8.0,6096988
Lalitpur,2.32,aana,794.02,16.0,2.0,2.0,2.0,11.0,4922674
Bhaktapur,3251.0,sqft,3251.0,,3.0,2.0,2.0,13.0,18982505
Kathmandu,0.82,ropani,4490.32,21.0,6.0,4.0,2.0,13.0,41383971
Kathmandu,0.55,ropani,3011.8,13.0,5.0,4.0,3.0,15.0,27368382
Kathmandu,4.26,aana,1457.98,20.0,5.0,3.0,4.0,4.0,17057052
Chitwan,22.92,dhur,4177.17,7.0,4.0,3.0,2.0,30.0,8362478
Lalitpur,6.58,aana,2252.01,15.0,4.0,4.0,2.5,19.0,11091416
Pokhara,1454.0,sqft,1454.0,19.0,4.0,2.0,2.0,9.0,6461440
Lalitpur,0.56,ropani,3066.56,36.0,2.0,1.0,1.0,13.0,24103549
Lalitpur,4.46,aana,1526.43,22.0,2.0,2.0,1.5,12.0,10084570
Kathmandu,0.58,ropani,3176.08,36.0,4.0,3.0,2.5,3.0,32435110
Lalitpur,6.7,aana,2293.08,21.0,3.0,3.0,1.5,15.0,18889177
Chitwan,1.79,katha,6524.55,21.0,4.0,2.0,3.0,7.0,29958288
Lalitpur,6.46,aana,2210.93,21.0,2.0,1.0,2.5,19.0,16734532
Kathmandu,9.28,aana,3176.08,24.0,6.0,5.0,3.5,34.0,26594569
Lalitpur,8.43,aana,2885.17,9.0,3.0,2.0,2.0,36.0,12394967
Chitwan,0.32,katha,1166.4,10.0,4.0,3.0,3.0,11.0,5904408
Kathmandu,5.17,aana,1769.43,10.0,5.0,3.0,3.5,13.0,9867314
Chitwan,1.08,katha,3936.6,32.0,6.0,4.0,3.5,5.0,26171502
Pokhara,0.82,ropani,4490.32,20.0,3.0,2.0,2.0,11.0,20165819
Kathmandu,10.38,aana,3552.56,12.0,7.0,6.0,3.5,34.0,23903971
Bhaktapur,8.26,aana,2826.99,19.0,4.0,2.0,2.0,4.0,17023133
Lalitpur,5.32,aana,1820.77,12.0,5.0,3.0,3.0,22.0,10552016
Lalitpur,3855.0,sqft,3855.0,16.0,5.0,3.0,2.5,1.0,32991286
Bhaktapur,6.27,aana,2145.91,11.0,4.0,4.0,3.0,5.0,17047361
Butwal,1.64,katha,5977.8,6.0,5.0,4.0,3.5,23.0,17605670
Kathmandu,0.44,ropani,2409.44,14.0,4.0,3.0,3.0,5.0,20233101
Kathmandu,7.17,aana,2453.93,16.0,6.0,4.0,3.0,4.0,28531197
Pokhara,3.46,aana,1184.18,36.0,5.0,3.0,2.5,7.0,7743308
Pokhara,0.58,ropani,3176.08,10.0,4.0,3.0,1.5,0.0,16235276
Kathmandu,0.3,ropani,1642.8,8.0,5.0,4.0,3.5,,12945401
Pokhara,7730.0,sqft,7730.0,22.0,3.0,2.0,1.5,23.0,27786161
Bhaktapur,0.37,ropani,2026.12,13.0,4.0,3.0,2.0,21.0,15149330
Bhaktapur,7.33,aana,2508.69,17.0,3.0,2.0,2.0,0.0,14461181
Kathmandu,2007.0,sqft,2007.0,12.0,5.0,3.0,2.5,7.0,12498680
Bhaktapur,4.18,aana,1430.6,11.0,4.0,2.0,3.5,24.0,8539205
Lalitpur,4.06,aana,1389.53,16.0,4.0,3.0,2.0,11.0,10982613
Pokhara,14.79,aana,5061.88,7.0,5.0,3.0,3.5,16.0,29824528
Lalitpur,0.29,ropani,1588.04,14.0,1.0,1.0,1.0,3.0,8747369
Lalitpur,10.13,aana,3466.99,9.0,4.0,3.0,3.0,15.0,23566063
Bhaktapur,14.53,aana,4972.89,,4.0,2.0,3.0,10.0,36095455
Chitwan,5718.0,sqft,5718.0,17.0,5.0,4.0,2.5,5.0,22945755
Butwal,1.84,katha,6706.8,9.0,4.0,3.0,3.5,13.0,29243289
Lalitpur,3.49,aana,1194.45,28.0,5.0,4.0,2.0,17.0,9289008
Butwal,1.04,katha,3790.8,19.0,1.0,,1.0,7.0,9146173
Pokhara,9.23,aana,3158.97,16.0,2.0,,2.0,1.0,21662665
Kathmandu,10.62,aana,3634.69,10.0,4.0,3.0,2.5,6.0,25458911
Kathmandu,6.89,aana,2358.1,8.0,6.0,4.0,4.0,12.0,28209645
Pokhara,8.46,aana,2895.44,6.0,4.0,3.0,2.5,13.0,11653888
Bhaktapur,1791.0,sqft,1791.0,20.0,6.0,5.0,3.0,5.0,13025827
Pokhara,0.54,ropani,2957.04,7.0,5.0,4.0,3.5,18.0,20921193
Kathmandu,4.55,aana,1557.24,13.0,3.0,3.0,2.5,8.0,13730168
Lalitpur,2368.0,sqft,2368.0,24.0,5.0,5.0,2.5,10.0,20199811
Lalitpur,1401.0,sqft,1401.0,17.0,2.0,1.0,2.5,26.0,7356257
Bhaktapur,0.83,ropani,4545.08,20.0,1.0,1.0,1.0,11.0,21517319
Kathmandu,0.74,ropani,4052.24,10.0,4.0,2.0,2.5,20.0,31136713
Bhaktapur,7449.0,sqft,7449.0,15.0,5.0,4.0,3.0,19.0,35149305
Kathmandu,11.23,aana,3843.47,30.0,3.0,3.0,2.5,,33859988
Lalitpur,6.61,aana,2262.27,27.0,3.0,2.0,2.5,30.0,13106537
Kathmandu,6.16,aana,2108.26,15.0,4.0,3.0,2.5,19.0,16569433
Pokhara,5.15,aana,1762.59,23.0,,3.0,2.5,7.0,12263434
Kathmandu,4.54,aana,1553.82,17.0,3.0,2.0,2.5,14.0,11941402
Kathmandu,536.0,sqft,536.0,13.0,6.0,5.0,3.5,6.0,6117263
Lalitpur,5476.0,sqft,5476.0,23.0,5.0,3.0,3.0,1.0,38758449
Kathmandu,1580.0,sqft,1580.0,12.0,4.0,4.0,2.0,18.0,10196604
Kathmandu,24.32,aana,8323.52,31.0,4.0,3.0,3.0,10.0,9780938
Kathmandu,10.66,aana,3648.39,17.0,3.0,3.0,2.0,14.0,32029757
Pokhara,1869.0,sqft,1869.0,15.0,3.0,2.0,2.5,2.0,9698828
Kathmandu,3.64,aana,1245.79,20.0,4.0,3.0,3.0,6.0,12409943
Kathmandu,2.56,aana,876.16,30.0,4.0,3.0,2.0,9.0,7924473
Chitwan,22.4,dhur,4082.4,40.0,3.0,2.0,2.5,6.0,17980088
Bhaktapur,4645.0,sqft,4645.0,18.0,3.0,2.0,1.0,5.0,23607641
Kathmandu,4004.0,sqft,4004.0,8.0,2.0,2.0,2.0,16.0,32507691
Pokhara,3.32,aana,1136.27,6.0,5.0,4.0,2.5,6.0,5492923
Kathmandu,5.86,aana,2005.59,13.0,4.0,2.0,2.0,20.0,13340660
Kathmandu,6886.0,sqft,6886.0,,5.0,4.0,1.5,27.0,47641855
Chitwan,19.8,dhur,3608.55,11.0,6.0,6.0,2.5,12.0,16353893
Butwal,1.98,katha,7217.1,15.0,6.0,5.0,3.0,1.0,33209456
Lalitpur,4.78,aana,1635.96,17.0,4.0,3.0,3.0,16.0,12355476
Kathmandu,0.27,ropani,1478.52,24.0,3.0,2.0,1.0,12.0,7220889
Pokhara,3.96,aana,1355.31,31.0,2.0,,1.5,9.0,5129186
Butwal,5110.0,sqft,5110.0,13.0,4.0,3.0,3.0,36.0,18601523
Kathmandu,3928.0,sqft,3928.0,19.0,3.0,3.0,2.0,11.0,25357898
Lalitpur,5101.0,sqft,5101.0,12.0,6.0,5.0,2.5,3.0,35639891
Kathmandu,0.22,ropani,1204.72,7.0,4.0,3.0,2.0,23.0,7319280
Lalitpur,2607.0,sqft,2607.0,19.0,3.0,2.0,2.0,15.0,19788043
Pokhara,16.06,aana,5496.53,7.0,4.0,2.0,2.5,20.0,19914230
Lalitpur,5.21,aana,1783.12,17.0,2.0,2.0,2.0,4.0,11621685
Kathmandu,7.28,aana,2491.58,19.0,3.0,3.0,2.5,10.0,14989657
Bhaktapur,0.52,ropani,2847.52,15.0,4.0,3.0,3.0,16.0,21599987
Lalitpur,3534.0,sqft,3534.0,15.0,3.0,3.0,2.5,19.0,24410041
Butwal,7137.0,sqft,7137.0,14.0,3.0,3.0,2.5,20.0,22450434
Pokhara,1.04,ropani,5695.04,24.0,3.0,2.0,2.5,6.0,28476049
Pokhara,3156.0,sqft,3156.0,12.0,3.0,2.0,2.5,1.0,17279240
Kathmandu,1960.0,sqft,1960.0,9.0,5.0,4.0,3.0,2.0,17093377
Butwal,2.36,katha,8602.2,10.0,2.0,2.0,2.0,9.0,24674554
Kathmandu,7.44,aana,2546.34,11.0,3.0,2.0,2.0,4.0,18167042
Pokhara,9.32,aana,3189.77,22.0,6.0,6.0,3.0,21.0,17174095
Lalitpur,10.34,aana,3538.86,12.0,6.0,5.0,3.5,7.0,31639947
Kathmandu,1255.0,sqft,1255.0,11.0,1.0,1.0,1.5,12.0,7063811
Butwal,2.8,katha,10206.0,16.0,6.0,5.0,4.0,14.0,29847211
Kathmandu,1906.0,sqft,1906.0,24.0,5.0,4.0,3.0,20.0,17845460
Kathmandu,1753.0,sqft,1753.0,19.0,8.0,6.0,4.0,14.0,16385439
Bhaktapur,3366.0,sqft,3366.0,25.0,8.0,6.0,4.0,8.0,30175010
Bhaktapur,30.63,aana,10483.12,18.0,3.0,3.0,2.0,14.0,35088515
Lalitpur,2.53,aana,865.89,32.0,5.0,2.0,3.0,15.0,7076683
Bhaktapur,2.73,aana,934.34,23.0,4.0,2.0,4.0,5.0,9641561
Bhaktapur,10.57,aana,3617.58,13.0,2.0,2.0,1.5,12.0,17256888
Lalitpur,13.18,aana,4510.85,16.0,3.0,3.0,2.5,7.0,33770536
Kathmandu,0.19,ropani,1040.44,20.0,3.0,3.0,2.0,8.0,8010542
Bhaktapur,16.15,aana,5527.34,22.0,3.0,2.0,2.0,27.0,32235841
Pokhara,2.75,aana,941.19,14.0,3.0,2.0,2.0,13.0,4941941
Butwal,8861.0,sqft,8861.0,45.0,2.0,1.0,1.0,22.0,19035817
Kathmandu,0.52,ropani,2847.52,18.0,6.0,4.0,3.0,1.0,30179421
Pokhara,2.73,aana,934.34,21.0,5.0,4.0,2.5,23.0,4680199
Bhaktapur,1139.0,sqft,1139.0,11.0,4.0,4.0,2.0,23.0,5529471
Butwal,1.8,katha,6561.0,,4.0,3.0,3.0,7.0,29575968
Pokhara,7.37,aana,2522.38,27.0,4.0,3.0,2.5,25.0,11536979
Butwal,1.13,katha,4118.85,16.0,2.0,1.0,2.0,26.0,10652415
Chitwan,1.87,katha,6816.15,43.0,4.0,3.0,2.0,3.0,27260643
Kathmandu,1532.0,sqft,1532.0,15.0,7.0,6.0,3.0,16.0,11227714
Lalitpur,0.6,ropani,3285.6,20.0,3.0,2.0,2.0,1.0,29293752
Kathmandu,1933.0,sqft,1933.0,9.0,2.0,1.0,2.0,5.0,14324628
Bhaktapur,9.89,aana,3384.85,,6.0,5.0,3.0,10.0,30777109
Kathmandu,0.3,ropani,1642.8,15.0,4.0,4.0,2.0,24.0,10573738
Kathmandu,6.49,aana,2221.2,30.0,6.0,6.0,3.5,12.0,22573648
Kathmandu,5.32,aana,1820.77,29.0,6.0,4.0,4.0,10.0,21755318
Kathmandu,2285.0,sqft,2285.0,24.0,2.0,2.0,1.5,11.0,19568543
Kathmandu,9.75,aana,3336.94,17.0,6.0,4.0,4.0,12.0,36289718
Lalitpur,16.11,aana,5513.65,34.0,1.0,1.0,1.0,13.0,36539802
Lalitpur,6.65,aana,2275.96,35.0,3.0,2.0,2.5,10.0,18770584
Kathmandu,2273.0,sqft,2273.0,17.0,1.0,1.0,1.0,13.0,12038311
Kathmandu,564.0,sqft,564.0,29.0,4.0,4.0,3.0,50.0,3110469
Pokhara,0.51,ropani,2792.76,10.0,6.0,4.0,3.0,10.0,19502199
Kathmandu,8.12,aana,2779.07,32.0,5.0,4.0,3.0,25.0,22033431
Bhaktapur,5.03,aana,1721.52,32.0,2.0,1.0,1.0,16.0,7452725
Kathmandu,2.36,aana,807.71,25.0,2.0,1.0,2.0,13.0,6088672
Pokhara,4182.0,sqft,4182.0,22.0,4.0,2.0,3.0,9.0,21110498
Lalitpur,7.8,aana,2669.55,11.0,2.0,2.0,2.5,9.0,19025101
Bhaktapur,3420.0,sqft,3420.0,17.0,2.0,2.0,2.5,30.0,17547514
Kathmandu,6.43,aana,2200.67,22.0,7.0,5.0,3.0,3.0,23552047
Kathmandu,12.0,aana,4107.0,15.0,1.0,2.0,1.5,10.0,32629320
Kathmandu,4.26,aana,1457.98,15.0,1.0,1.0,1.0,15.0,11068473
Bhaktapur,4.47,aana,1529.86,9.0,4.0,3.0,2.5,0.0,8734604
Lalitpur,4.86,aana,1663.34,6.0,2.0,1.0,2.0,18.0,7579114
Pokhara,6.32,aana,2163.02,13.0,3.0,2.0,1.5,21.0,8665200
Kathmandu,19.81,aana,6779.97,19.0,7.0,6.0,3.0,6.0,62388878
Bhaktapur,16.88,aana,5777.18,8.0,1.0,2.0,1.0,21.0,18654731
Kathmandu,3997.0,sqft,3997.0,,1.0,1.0,1.0,12.0,30679712
Lalitpur,826.0,sqft,826.0,16.0,6.0,6.0,3.5,10.0,6917163
Pokhara,2.45,aana,838.51,30.0,3.0,2.0,2.5,4.0,7113638
Bhaktapur,4.3,aana,1471.67,26.0,5.0,3.0,3.0,30.0,10365553
Kathmandu,23.89,aana,8176.35,30.0,2.0,3.0,,,65814952
Lalitpur,4.18,aana,1430.6,17.0,3.0,3.0,2.0,3.0,10513246
Lalitpur,6.91,aana,2364.95,25.0,5.0,4.0,2.5,7.0,21163674
Lalitpur,5.03,aana,1721.52,18.0,3.0,2.0,2.0,10.0,14168877
Lalitpur,5.4,aana,1848.15,12.0,5.0,4.0,3.0,8.0,17567139
Bhaktapur,2185.0,sqft,2185.0,17.0,5.0,4.0,3.5,20.0,14384630
Pokhara,7.19,aana,2460.78,36.0,5.0,3.0,3.0,4.0,18604490
Pokhara,17.83,aana,6102.32,29.0,6.0,5.0,2.5,9.0,34385424
Pokhara,12.65,aana,4329.46,9.0,4.0,3.0,3.0,15.0,25065411
Kathmandu,14.15,aana,4842.84,16.0,2.0,2.0,2.5,50.0,32739330
Lalitpur,4445.0,sqft,4445.0,6.0,5.0,3.0,3.0,13.0,25672556
Bhaktapur,5.62,aana,1923.44,32.0,4.0,,3.0,3.0,17861359
Kathmandu,1752.0,sqft,1752.0,15.0,8.0,5.0,3.5,8.0,19325462
Kathmandu,8.94,aana,3059.71,,3.0,2.0,2.0,5.0,21894735
Butwal,1.14,katha,4155.3,19.0,3.0,3.0,2.0,13.0,14348740
Lalitpur,2.77,aana,948.03,20.0,4.0,3.0,2.5,5.0,6789894
Pokhara,0.58,ropani,3176.08,15.0,5.0,3.0,3.0,38.0,13591583
Chitwan,2.84,katha,10351.8,11.0,7.0,5.0,4.0,11.0,33687219
Chitwan,3276.0,sqft,3276.0,34.0,2.0,2.0,1.5,6.0,12681768
Pokhara,6.13,aana,2097.99,10.0,5.0,5.0,3.0,28.0,1259402
Kathmandu,3.52,aana,1204.72,20.0,3.0,3.0,2.0,3.0,10652489
Pokhara,3.55,aana,1214.99,15.0,4.0,2.0,2.5,6.0,7829678
Bhaktapur,2187.0,sqft,2187.0,7.0,5.0,5.0,3.0,10.0,9345859
Pokhara,17.2,aana,5886.7,26.0,5.0,4.0,4.0,9.0,40971792
Kathmandu,9.16,aana,3135.01,18.0,3.0,3.0,1.5,16.0,23791732
Lalitpur,18.54,aana,6345.31,17.0,6.0,5.0,3.5,8.0,51143361
Lalitpur,8.79,aana,3008.38,14.0,4.0,3.0,2.0,18.0,21827341
Kathmandu,16.93,aana,5794.29,23.0,1.0,1.0,1.0,5.0,25836876
Kathmandu,6.75,aana,2310.19,12.0,7.0,5.0,4.0,10.0,20865369
Bhaktapur,4.16,aana,1423.76,16.0,5.0,4.0,3.0,15.0,11004070
Butwal,2.29,katha,8347.05,18.0,5.0,3.0,3.0,14.0,27674684
Butwal,13.55,dhur,2469.49,9.0,6.0,5.0,3.5,18.0,13635468
Butwal,9120.0,sqft,9120.0,20.0,2.0,1.0,1.5,23.0,25511019
Lalitpur,6.68,aana,2286.23,14.0,4.0,4.0,2.0,8.0,14298141
Butwal,3249.0,sqft,3249.0,17.0,3.0,2.0,2.0,11.0,11114497
Kathmandu,998.0,sqft,998.0,21.0,6.0,5.0,3.5,,10134548
Bhaktapur,17.22,aana,5893.54,9.0,2.0,1.0,1.0,2.0,25654420
Kathmandu,7.03,aana,2406.02,14.0,2.0,2.0,1.5,14.0,20595522
Pokhara,1949.0,sqft,1949.0,15.0,6.0,5.0,3.0,8.0,14107493
Chitwan,1.46,katha,5321.7,22.0,2.0,1.0,2.0,11.0,19367464
Pokhara,13.94,aana,4770.97,12.0,6.0,,3.0,6.0,29097664
Kathmandu,0.57,ropani,3121.32,14.0,4.0,3.0,2.5,8.0,25962403
Lalitpur,2278.0,sqft,2278.0,12.0,2.0,1.0,1.5,12.0,14496474
Pokhara,1425.0,sqft,1425.0,20.0,4.0,4.0,2.5,1.0,12999732
Pokhara,5.12,aana,1752.32,15.0,1.0,1.0,1.0,9.0,5063567
Lalitpur,0.44,ropani,2409.44,14.0,7.0,4.0,4.0,3.0,22131170
Lalitpur,4.18,aana,1430.6,32.0,4.0,2.0,2.0,17.0,10524224
Kathmandu,0.8,ropani,4380.8,11.0,6.0,4.0,2.5,11.0,35382344
Bhaktapur,14.62,aana,5003.69,14.0,4.0,2.0,3.0,7.0,37537066
Pokhara,5.51,aana,1885.8,8.0,4.0,3.0,1.5,33.0,6468918
Pokhara,0.22,ropani,1204.72,22.0,6.0,4.0,3.0,4.0,7337348
Bhaktapur,2426.0,sqft,2426.0,21.0,4.0,3.0,2.0,8.0,14643164
Lalitpur,7.33,aana,2508.69,21.0,8.0,7.0,4.0,20.0,28082600
Butwal,84.51,dhur,15401.95,16.0,5.0,5.0,2.5,11.0,28334374
Bhaktapur,2468.0,sqft,2468.0,8.0,2.0,1.0,1.5,29.0,7115795
Butwal,1.07,katha,3900.15,24.0,2.0,2.0,1.5,35.0,9301815
Lalitpur,5.84,aana,1998.74,27.0,5.0,3.0,3.0,22.0,13761465
Bhaktapur,7.81,aana,2672.97,9.0,1.0,1.0,1.0,12.0,9788806
Bhaktapur,4655.0,sqft,4655.0,19.0,2.0,1.0,3.0,3.0,36839878
Bhaktapur,7.66,aana,2621.64,,6.0,6.0,4.0,5.0,23664429
Kathmandu,6.44,aana,2204.09,29.0,2.0,3.0,1.5,11.0,16915871
Kathmandu,26.04,aana,8912.19,21.0,4.0,3.0,1.5,8.0,56584741
Kathmandu,3.44,aana,1177.34,27.0,3.0,2.0,2.0,3.0,8425530
Kathmandu,2.97,aana,1016.48,15.0,4.0,3.0,2.5,10.0,9151087
Bhaktapur,2116.0,sqft,2116.0,8.0,4.0,3.0,3.0,3.0,14428955
Kathmandu,3360.0,sqft,3360.0,11.0,3.0,2.0,2.0,43.0,16610779
Lalitpur,3.1,aana,1060.98,11.0,4.0,2.0,3.0,27.0,7439722
Kathmandu,0.23,ropani,1259.48,15.0,3.0,3.0,2.5,12.0,13063091
Bhaktapur,5.62,aana,1923.44,15.0,,2.0,3.0,14.0,16279571
Kathmandu,3964.0,sqft,3964.0,35.0,4.0,3.0,2.0,10.0,38710542
Bhaktapur,2.08,aana,711.88,35.0,5.0,4.0,2.5,27.0,4874560
Bhaktapur,1367.0,sqft,1367.0,14.0,7.0,6.0,4.0,36.0,9167590
Kathmandu,3.88,aana,1327.93,9.0,6.0,4.0,3.0,3.0,12639916
Lalitpur,13.78,aana,4716.2,14.0,2.0,1.0,1.0,5.0,24584230
Lalitpur,0.2,ropani,1095.2,7.0,2.0,1.0,2.0,8.0,5838853
Lalitpur,1668.0,sqft,1668.0,17.0,4.0,3.0,3.0,11.0,16031495
Lalitpur,10.04,aana,3436.19,15.0,4.0,3.0,2.5,3.0,31110423
Bhaktapur,14.3,aana,4894.18,6.0,4.0,3.0,2.5,18.0,25645439
Kathmandu,3465.0,sqft,3465.0,38.0,,4.0,2.0,28.0,26620047
Pokhara,18.1,aana,6194.73,21.0,6.0,5.0,4.0,13.0,37461823
Pokhara,742.0,sqft,742.0,22.0,4.0,4.0,2.5,22.0,4176086
Kathmandu,0.33,ropani,1807.08,24.0,4.0,3.0,3.5,7.0,22975622
Bhaktapur,2367.0,sqft,2367.0,20.0,5.0,,3.0,9.0,17682172
Bhaktapur,4.43,aana,1516.17,26.0,2.0,1.0,2.0,12.0,7964792
Kathmandu,2848.0,sqft,2848.0,7.0,6.0,4.0,3.5,5.0,25926656
Lalitpur,6.02,aana,2060.34,14.0,3.0,4.0,2.0,15.0,14962048
Kathmandu,6.76,aana,2313.61,13.0,4.0,3.0,2.0,7.0,16357276
Lalitpur,0.53,ropani,2902.28,19.0,4.0,3.0,2.5,8.0,20037622
Kathmandu,8.33,aana,2850.94,8.0,3.0,2.0,2.0,7.0,20475708
Lalitpur,2708.0,sqft,2708.0,15.0,4.0,3.0,2.5,16.0,20062326
Kathmandu,1944.0,sqft,1944.0,9.0,4.0,4.0,3.0,7.0,19781391
Lalitpur,10.21,aana,3494.37,17.0,3.0,3.0,1.0,6.0,18002073
Kathmandu,6.04,aana,2067.19,10.0,5.0,4.0,3.5,12.0,21387446
Pokhara,8.09,aana,2768.8,8.0,5.0,4.0,2.5,22.0,12057102
Pokhara,6502.0,sqft,6502.0,17.0,3.0,2.0,1.5,15.0,22923022
Chitwan,2.48,katha,9039.6,13.0,3.0,2.0,2.5,12.0,30323414
Lalitpur,4.28,aana,1464.83,17.0,4.0,3.0,3.0,15.0,10558593
Lalitpur,9.85,aana,3371.16,22.0,7.0,5.0,4.0,7.0,34372249
Lalitpur,0.28,ropani,1533.28,13.0,1.0,1.0,1.0,8.0,10025682
Lalitpur,6.83,aana,2337.57,20.0,3.0,2.0,2.0,11.0,13917765
Bhaktapur,5.6,aana,1916.6,16.0,4.0,2.0,2.0,6.0,13821878
Lalitpur,0.36,ropani,1971.36,17.0,2.0,1.0,2.0,27.0,14252542
Pokhara,5.92,aana,2026.12,10.0,6.0,4.0,,36.0,8824099
Lalitpur,4.3,aana,1471.67,9.0,5.0,4.0,3.0,1.0,11516116
Kathmandu,16.15,aana,5527.34,16.0,3.0,2.0,1.5,12.0,44622331
Lalitpur,5.89,aana,2015.85,29.0,5.0,4.0,3.5,,15309422
Kathmandu,4.69,aana,1605.15,15.0,1.0,1.0,2.0,9.0,12426525
Butwal,5032.0,sqft,5032.0,23.0,3.0,2.0,2.0,10.0,19304977
Lalitpur,1.98,aana,677.65,22.0,4.0,3.0,2.5,29.0,6641922
Butwal,3992.0,sqft,3992.0,24.0,5.0,3.0,2.5,3.0,19134481
Butwal,6188.0,sqft,6188.0,15.0,6.0,4.0,3.5,15.0,31242094
Kathmandu,1.05,ropani,5749.8,24.0,6.0,5.0,3.0,,52556912
Butwal,0.82,katha,2988.9,16.0,7.0,6.0,3.5,11.0,2834428
Lalitpur,9.15,aana,3131.59,32.0,5.0,4.0,3.0,9.0,23799889
Butwal,1.93,katha,7034.85,14.0,6.0,5.0,3.0,14.0,29236428
Pokhara,2872.0,sqft,2872.0,6.0,3.0,2.0,2.0,0.0,14373087
Lalitpur,6.77,aana,2317.03,15.0,4.0,2.0,3.5,4.0,21228630
Butwal,2.53,katha,9221.85,6.0,1.0,1.0,1.0,6.0,12852741
Lalitpur,4433.0,sqft,4433.0,9.0,5.0,4.0,2.5,19.0,21206189
Lalitpur,0.6,ropani,3285.6,21.0,3.0,3.0,2.0,16.0,19620164
Lalitpur,17.84,aana,6105.74,20.0,6.0,4.0,3.5,9.0,49111556
Lalitpur,18.24,aana,6242.64,19.0,5.0,4.0,3.0,17.0,41129787
Butwal,4872.0,sqft,4872.0,33.0,4.0,3.0,2.5,5.0,19379219
Lalitpur,5216.0,sqft,5216.0,22.0,3.0,3.0,2.5,11.0,34926593
Kathmandu,2572.0,sqft,2572.0,27.0,1.0,1.0,1.0,7.0,15670560
Butwal,2.83,katha,10315.35,18.0,3.0,2.0,2.5,4.0,35634127
Pokhara,12.13,aana,4151.49,17.0,4.0,2.0,2.5,34.0,15610637
Kathmandu,1112.0,sqft,1112.0,12.0,5.0,5.0,3.0,18.0,10087999
Pokhara,2606.0,sqft,2606.0,19.0,4.0,4.0,2.5,1.0,18237539
Kathmandu,3742.0,sqft,3742.0,14.0,6.0,4.0,3.0,5.0,37440319
Pokhara,7.03,aana,2406.02,6.0,3.0,2.0,2.0,17.0,8529780
Lalitpur,4.92,aana,1683.87,25.0,4.0,4.0,3.0,10.0,15780532
Kathmandu,5125.0,sqft,5125.0,27.0,1.0,1.0,1.5,6.0,34383142
Kathmandu,2.72,aana,930.92,11.0,5.0,4.0,2.5,5.0,6748319
Lalitpur,4077.0,sqft,4077.0,26.0,3.0,3.0,2.0,7.0,29764074
Lalitpur,1.25,ropani,6845.0,9.0,3.0,3.0,2.0,28.0,28833693
Kathmandu,0.88,ropani,4818.88,16.0,7.0,6.0,4.0,30.0,37537984
Lalitpur,0.44,ropani,2409.44,10.0,4.0,4.0,3.0,7.0,19914602
Kathmandu,0.15,ropani,821.4,21.0,4.0,3.0,2.0,3.0,7336050
Pokhara,9.02,aana,3087.09,14.0,5.0,3.0,3.5,12.0,18147305
Bhaktapur,7.44,aana,2546.34,22.0,2.0,2.0,1.5,7.0,13051985
Butwal,0.83,katha,3025.35,16.0,4.0,3.0,2.5,9.0,17536130
Butwal,1.26,katha,4592.7,14.0,6.0,4.0,4.0,23.0,19754516
Kathmandu,3542.0,sqft,3542.0,26.0,3.0,3.0,2.5,3.0,31605919
Kathmandu,1556.0,sqft,1556.0,10.0,2.0,2.0,3.0,4.0,14372938
Kathmandu,6225.0,sqft,6225.0,9.0,3.0,3.0,2.0,8.0,59728677
Lalitpur,5007.0,sqft,5007.0,9.0,3.0,2.0,2.0,11.0,27468276
Kathmandu,3570.0,sqft,3570.0,20.0,5.0,4.0,2.5,8.0,36907746
Bhaktapur,4575.0,sqft,4575.0,9.0,4.0,2.0,2.5,10.0,29026248
Bhaktapur,2336.0,sqft,2336.0,16.0,3.0,2.0,1.5,16.0,11545142
Chitwan,1.56,katha,5686.2,32.0,6.0,4.0,4.0,3.0,34408505
Chitwan,3.74,katha,13632.3,11.0,1.0,2.0,1.0,7.0,24376855
Pokhara,11.42,aana,3908.49,22.0,2.0,2.0,3.0,9.0,21719205
Pokhara,8.11,aana,2775.65,22.0,4.0,3.0,1.5,2.0,12008513
Lalitpur,0.16,ropani,876.16,35.0,4.0,3.0,2.0,22.0,5826354
Bhaktapur,2475.0,sqft,2475.0,21.0,,1.0,1.0,16.0,10753616
Lalitpur,1.17,ropani,6406.92,16.0,3.0,2.0,3.0,14.0,31237393
Chitwan,3016.0,sqft,3016.0,31.0,4.0,3.0,2.0,29.0,9412175
Bhaktapur,6196.0,sqft,6196.0,16.0,6.0,5.0,3.0,4.0,36007813
Pokhara,7.3,aana,2498.42,16.0,2.0,1.0,1.0,50.0,6312603
Bhaktapur,1258.0,sqft,1258.0,20.0,5.0,4.0,,7.0,8448140
Pokhara,3.01,aana,1030.17,20.0,3.0,2.0,2.5,,5784789
Kathmandu,17.33,aana,5931.19,7.0,4.0,3.0,3.0,20.0,35515880
Bhaktapur,10.23,aana,3501.22,18.0,3.0,1.0,2.0,13.0,17940884
Pokhara,0.15,ropani,821.4,13.0,5.0,4.0,4.0,21.0,1125218
Kathmandu,8.1,aana,2772.22,12.0,6.0,4.0,3.0,5.0,29336531
Butwal,6951.0,sqft,6951.0,9.0,5.0,4.0,2.0,3.0,20124619
Kathmandu,10.67,aana,3651.81,45.0,4.0,2.0,2.0,9.0,37657417
Kathmandu,6.09,aana,2084.3,29.0,5.0,,3.0,12.0,19887987
Kathmandu,20.2,aana,6913.45,29.0,5.0,4.0,2.0,2.0,69522997
Lalitpur,2447.0,sqft,2447.0,23.0,4.0,3.0,2.0,16.0,19726560
Kathmandu,5.67,aana,1940.56,11.0,4.0,4.0,2.0,19.0,12863233
Pokhara,4.48,aana,1533.28,23.0,5.0,4.0,3.0,28.0,7695429
Lalitpur,2432.0,sqft,2432.0,16.0,2.0,2.0,1.0,9.0,14834320
Pokhara,2337.0,sqft,2337.0,6.0,3.0,2.0,2.0,29.0,10009451
Kathmandu,1393.0,sqft,1393.0,8.0,3.0,2.0,2.5,10.0,8207432
Butwal,1.36,katha,4957.2,37.0,3.0,3.0,,10.0,15189104
Pokhara,0.66,ropani,3614.16,35.0,3.0,2.0,1.0,12.0,12987668
Lalitpur,2.98,aana,1019.9,21.0,4.0,2.0,3.0,11.0,7802838
Pokhara,4.37,aana,1495.63,8.0,4.0,4.0,,16.0,8111505
Chitwan,2.48,katha,9039.6,13.0,6.0,5.0,4.0,15.0,32686810
Bhaktapur,6.01,aana,2056.92,19.0,4.0,2.0,3.0,14.0,13690353
Lalitpur,0.25,ropani,1369.0,30.0,6.0,4.0,4.0,25.0,12495957
Chitwan,35.1,dhur,6396.98,7.0,4.0,3.0,2.5,13.0,16588254
Bhaktapur,9.9,aana,3388.28,21.0,6.0,,3.0,4.0,31034946
Pokhara,2117.0,sqft,2117.0,15.0,4.0,3.0,3.0,6.0,12870904
Pokhara,8.38,aana,2868.06,22.0,1.0,1.0,1.0,7.0,12215251
Pokhara,10.11,aana,3460.15,8.0,4.0,2.0,2.5,12.0,15361298
Kathmandu,0.62,ropani,3395.12,6.0,7.0,5.0,4.0,1.0,35784234
Pokhara,4.96,aana,1697.56,25.0,5.0,5.0,2.0,25.0,8348827
Kathmandu,17.37,aana,5944.88,28.0,4.0,2.0,3.0,20.0,47299731
Bhaktapur,2164.0,sqft,2164.0,24.0,1.0,1.0,2.0,33.0,10364048
Lalitpur,4204.0,sqft,4204.0,13.0,3.0,2.0,,13.0,25635053
Kathmandu,0.43,ropani,2354.68,25.0,4.0,4.0,2.5,1.0,24515884
Lalitpur,0.57,ropani,3121.32,18.0,5.0,4.0,2.5,6.0,26783876
Pokhara,9.99,aana,3419.08,9.0,5.0,4.0,2.5,17.0,18280220
Pokhara,13.23,aana,4527.97,16.0,4.0,2.0,3.0,17.0,23281172
Lalitpur,8.9,aana,3046.03,14.0,6.0,5.0,3.5,11.0,30769463
Lalitpur,8.55,aana,2926.24,12.0,4.0,,2.0,4.0,16595709
Kathmandu,8.78,aana,3004.95,23.0,7.0,4.0,4.0,37.0,25183637
Pokhara,6.52,aana,2231.47,20.0,4.0,3.0,3.5,7.0,16557096
Kathmandu,4.92,aana,1683.87,9.0,5.0,3.0,3.0,13.0,12730805
Pokhara,8002.0,sqft,8002.0,8.0,5.0,4.0,3.0,23.0,29252492
Kathmandu,957.0,sqft,957.0,19.0,4.0,,2.0,9.0,10528434
Lalitpur,7.75,aana,2652.44,18.0,2.0,2.0,2.0,8.0,17710638
Kathmandu,6.37,aana,2180.13,12.0,2.0,2.0,2.5,12.0,17360701
Lalitpur,5.96,aana,2039.81,33.0,6.0,4.0,2.0,16.0,15906385
Pokhara,5.53,aana,1892.64,19.0,4.0,4.0,2.5,5.0,13306985
Bhaktapur,5.82,aana,1991.9,42.0,3.0,2.0,2.0,8.0,10689716
Kathmandu,0.44,ropani,2409.44,13.0,6.0,5.0,4.0,3.0,25195072
Bhaktapur,0.32,ropani,1752.32,9.0,5.0,3.0,3.5,14.0,14299327
Kathmandu,0.56,ropani,3066.56,10.0,7.0,6.0,3.5,6.0,23767822
Lalitpur,0.5,ropani,2738.0,15.0,3.0,3.0,2.0,12.0,20210601
Butwal,10421.0,sqft,10421.0,,6.0,4.0,4.0,40.0,20292482
Butwal,1.26,katha,4592.7,16.0,6.0,5.0,3.5,25.0,16859284
Pokhara,3.96,aana,1355.31,15.0,5.0,3.0,2.5,22.0,6512147
Kathmandu,0.55,ropani,3011.8,11.0,3.0,1.0,2.5,15.0,25903372
Pokhara,7.19,aana,2460.78,32.0,2.0,2.0,2.0,4.0,14587518
Lalitpur,8.93,aana,3056.29,18.0,1.0,1.0,2.5,16.0,20974697
Kathmandu,17.41,aana,5958.57,28.0,1.0,1.0,1.0,3.0,42011692
Bhaktapur,2563.0,sqft,2563.0,43.0,2.0,1.0,1.5,16.0,12881017
Bhaktapur,10.81,aana,3699.72,28.0,3.0,1.0,3.0,3.0,31978952
Lalitpur,6.75,aana,2310.19,22.0,4.0,3.0,3.5,23.0,20642687
Lalitpur,5627.0,sqft,5627.0,17.0,4.0,3.0,2.5,21.0,42826268
Kathmandu,3.96,aana,1355.31,23.0,3.0,2.0,1.5,9.0,12679511
Lalitpur,9.64,aana,3299.29,17.0,6.0,3.0,4.0,27.0,23457546
Pokhara,7.59,aana,2597.68,38.0,3.0,2.0,2.0,24.0,16173820
Lalitpur,1784.0,sqft,1784.0,31.0,2.0,1.0,1.0,11.0,12568107
Pokhara,1032.0,sqft,1032.0,6.0,7.0,5.0,4.0,10.0,5296554
Lalitpur,6409.0,sqft,6409.0,35.0,2.0,2.0,2.5,21.0,40680996
Bhaktapur,14.36,aana,4914.71,21.0,5.0,,2.5,8.0,28493752
Lalitpur,3398.0,sqft,3398.0,13.0,6.0,6.0,3.5,7.0,26522120
Kathmandu,11.46,aana,3922.19,20.0,6.0,4.0,3.5,12.0,43317924
Kathmandu,4.01,aana,1372.42,31.0,2.0,1.0,1.0,2.0,9325859
Pokhara,4042.0,sqft,4042.0,30.0,2.0,2.0,2.5,28.0,16601738
Bhaktapur,3.49,aana,1194.45,9.0,4.0,4.0,3.0,15.0,6162439
Bhaktapur,16.38,aana,5606.05,25.0,5.0,5.0,,1.0,28425762
Kathmandu,2012.0,sqft,2012.0,11.0,4.0,2.0,2.5,29.0,17361575
Lalitpur,1.25,ropani,6845.0,12.0,3.0,3.0,2.5,16.0,47728211
Lalitpur,8298.0,sqft,8298.0,7.0,6.0,5.0,2.5,21.0,36423593
Pokhara,1110.0,sqft,1110.0,8.0,6.0,5.0,4.0,16.0,8106485
Lalitpur,0.56,ropani,3066.56,9.0,4.0,3.0,2.5,6.0,17863787
Bhaktapur,18.45,aana,6314.51,27.0,5.0,3.0,2.0,0.0,42574850
Butwal,0.44,katha,1603.8,14.0,4.0,4.0,2.0,3.0,7465954
Pokhara,5.45,aana,1865.26,27.0,5.0,4.0,3.0,10.0,14127832
Bhaktapur,9.26,aana,3169.24,9.0,6.0,4.0,4.0,4.0,27503677
Pokhara,5.47,aana,1872.11,21.0,4.0,3.0,2.5,25.0,7533570
Chitwan,0.34,katha,1239.3,13.0,5.0,3.0,2.5,2.0,6115064
Kathmandu,8.03,aana,2748.27,9.0,7.0,5.0,4.0,0.0,27409174
Kathmandu,5875.0,sqft,5875.0,15.0,3.0,2.0,2.0,14.0,59615068
Lalitpur,4.21,aana,1440.87,21.0,4.0,3.0,2.0,44.0,9531240
Pokhara,5524.0,sqft,5524.0,10.0,6.0,4.0,3.0,7.0,30207926
Lalitpur,3274.0,sqft,3274.0,11.0,2.0,2.0,2.0,15.0,18420193
Bhaktapur,4247.0,sqft,4247.0,29.0,5.0,4.0,3.5,20.0,26800759
Lalitpur,1.77,aana,605.78,21.0,4.0,2.0,2.5,7.0,4411898
Kathmandu,21.3,aana,7289.93,14.0,2.0,1.0,1.5,2.0,44643865
Lalitpur,1922.0,sqft,1922.0,8.0,3.0,2.0,2.0,27.0,9401926
Lalitpur,3452.0,sqft,3452.0,8.0,3.0,3.0,1.5,15.0,19185030
Kathmandu,0.09,ropani,492.84,16.0,3.0,2.0,3.0,15.0,3623214
Kathmandu,4391.0,sqft,4391.0,17.0,4.0,2.0,2.0,9.0,36491141
Lalitpur,3462.0,sqft,3462.0,26.0,5.0,4.0,2.5,8.0,27921128
Bhaktapur,4.19,aana,1434.03,20.0,5.0,5.0,3.0,6.0,10158453
Kathmandu,2213.0,sqft,2213.0,34.0,4.0,4.0,2.5,20.0,18791090
Butwal,1.72,katha,6269.4,16.0,5.0,3.0,2.5,7.0,28993866
Bhaktapur,0.65,ropani,3559.4,12.0,3.0,1.0,2.5,3.0,22639625
Lalitpur,24.99,aana,8552.83,9.0,4.0,4.0,3.0,7.0,48071890
Kathmandu,0.37,ropani,2026.12,16.0,6.0,4.0,3.0,38.0,12926390
Pokhara,7.46,aana,2553.18,18.0,3.0,2.0,2.5,5.0,14016860
Pokhara,22.5,aana,7700.62,17.0,5.0,4.0,3.0,6.0,45227417
Butwal,1.33,katha,4847.85,15.0,4.0,3.0,2.0,17.0,14299436
Kathmandu,11.85,aana,4055.66,7.0,4.0,4.0,2.5,3.0,21476861
Pokhara,2545.0,sqft,2545.0,16.0,7.0,5.0,4.0,22.0,14611326
Kathmandu,3.78,aana,1293.7,8.0,5.0,4.0,2.0,10.0,9359519
Pokhara,3.01,aana,1030.17,7.0,4.0,4.0,2.5,5.0,5389325
Lalitpur,7.33,aana,2508.69,12.0,1.0,1.0,1.0,3.0,11825790
Kathmandu,8.41,aana,2878.32,13.0,3.0,3.0,3.5,1.0,29236352
Chitwan,8112.0,sqft,8112.0,20.0,3.0,2.0,2.0,12.0,16878234
Pokhara,6.06,aana,2074.03,19.0,4.0,3.0,2.5,7.0,10696940
Pokhara,0.34,ropani,1861.84,33.0,2.0,1.0,1.0,7.0,9042595
Pokhara,5.56,aana,1902.91,45.0,3.0,3.0,3.0,26.0,11699596
Lalitpur,6.58,aana,2252.01,18.0,2.0,1.0,1.5,36.0,11061513
Bhaktapur,8.06,aana,2758.54,25.0,3.0,2.0,2.0,10.0,22199412
Lalitpur,1618.0,sqft,1618.0,18.0,1.0,1.0,1.0,5.0,9388602
Chitwan,4849.0,sqft,4849.0,7.0,2.0,2.0,2.0,7.0,21771466
Lalitpur,0.42,ropani,2299.92,23.0,4.0,3.0,3.0,18.0,16339613
Lalitpur,3.72,aana,1273.17,10.0,2.0,2.0,2.0,5.0,8083857
Lalitpur,2461.0,sqft,2461.0,7.0,6.0,5.0,3.0,5.0,15460109
Pokhara,23.86,aana,8166.09,29.0,4.0,3.0,2.5,8.0,38814004
Kathmandu,19.78,aana,6769.71,7.0,2.0,1.0,2.0,2.0,40500825
Lalitpur,6.56,aana,2245.16,8.0,3.0,2.0,1.5,6.0,12868647
Chitwan,3256.0,sqft,3256.0,10.0,6.0,4.0,3.5,1.0,22890339
Kathmandu,4687.0,sqft,4687.0,9.0,3.0,3.0,2.5,,36562661
Kathmandu,13.96,aana,4777.81,19.0,4.0,3.0,2.5,12.0,34118437
Bhaktapur,3695.0,sqft,3695.0,15.0,2.0,2.0,1.5,3.0,15967879
Lalitpur,2304.0,sqft,2304.0,15.0,6.0,6.0,3.5,14.0,18970694
Pokhara,0.82,ropani,4490.32,27.0,4.0,3.0,3.0,23.0,22480045
Bhaktapur,1787.0,sqft,1787.0,16.0,3.0,2.0,2.0,25.0,8267765
Kathmandu,10.78,aana,3689.45,15.0,4.0,3.0,2.5,21.0,28658966
Pokhara,0.99,ropani,5421.24,10.0,3.0,3.0,3.0,12.0,171846864
Kathmandu,1763.0,sqft,1763.0,21.0,3.0,3.0,2.0,7.0,13337011
Lalitpur,12.03,aana,4117.27,18.0,4.0,4.0,2.0,29.0,24789685
Butwal,11128.0,sqft,11128.0,38.0,3.0,2.0,2.5,7.0,31921042
Kathmandu,12.7,aana,4346.57,6.0,4.0,3.0,1.5,31.0,21368589
Lalitpur,5.72,aana,1957.67,,1.0,1.0,1.0,15.0,7946412
Lalitpur,1220.0,sqft,1220.0,22.0,4.0,3.0,2.0,41.0,7610529
Chitwan,29.53,dhur,5381.84,18.0,3.0,2.0,2.5,5.0,24816798
Kathmandu,2.98,aana,1019.9,17.0,4.0,3.0,3.0,18.0,8993151
Butwal,2.83,katha,10315.35,11.0,2.0,1.0,2.5,24.0,24151229
Kathmandu,5.5,aana,1882.38,20.0,5.0,5.0,3.0,7.0,19573461
Kathmandu,9.24,aana,3162.39,15.0,4.0,4.0,3.5,3.0,34168224
Butwal,1.43,katha,5212.35,21.0,6.0,3.0,4.0,19.0,25151920
Lalitpur,27.45,aana,9394.76,11.0,6.0,4.0,4.0,2.0,62626210
Pokhara,7052.0,sqft,7052.0,28.0,2.0,2.0,2.5,2.0,41133083
Kathmandu,3870.0,sqft,3870.0,23.0,4.0,4.0,3.0,37.0,30875160
Lalitpur,13.93,aana,4767.54,25.0,1.0,1.0,2.0,1.0,32908273
Lalitpur,8.68,aana,2970.73,9.0,1.0,,2.0,9.0,15598783
Kathmandu,0.54,ropani,2957.04,18.0,4.0,3.0,2.0,1.0,24802747
Kathmandu,3581.0,sqft,3581.0,8.0,5.0,,3.0,14.0,26311393
Pokhara,3.07,aana,1050.71,12.0,4.0,3.0,2.5,15.0,5250523
Bhaktapur,3.67,aana,1256.06,11.0,6.0,4.0,2.0,10.0,6118597
Kathmandu,0.37,ropani,2026.12,15.0,3.0,2.0,2.0,11.0,16570926
Bhaktapur,0.32,ropani,1752.32,24.0,3.0,2.0,2.5,14.0,11642650
Bhaktapur,2149.0,sqft,2149.0,6.0,3.0,2.0,1.5,1.0,11950358
Kathmandu,15.33,aana,5246.69,20.0,5.0,4.0,3.0,7.0,41191055
Lalitpur,4.64,aana,1588.04,32.0,1.0,,1.0,15.0,12558149
Kathmandu,7.65,aana,2618.21,19.0,2.0,3.0,1.0,10.0,22875190
Lalitpur,2984.0,sqft,2984.0,27.0,8.0,5.0,3.0,10.0,26131470
Pokhara,2980.0,sqft,2980.0,21.0,3.0,2.0,3.0,7.0,26345573
Lalitpur,10.39,aana,3555.98,25.0,4.0,3.0,1.5,12.0,22474411
Butwal,6075.0,sqft,6075.0,16.0,4.0,3.0,3.5,5.0,27387230
Kathmandu,0.15,ropani,821.4,14.0,1.0,1.0,1.0,19.0,7075709
Chitwan,0.98,katha,3572.1,6.0,6.0,5.0,3.5,10.0,20966412
Bhaktapur,13.44,aana,4599.84,29.0,2.0,1.0,2.5,,31142971
Pokhara,5094.0,sqft,5094.0,10.0,3.0,3.0,1.0,13.0,19612802
Bhaktapur,1944.0,sqft,1944.0,23.0,3.0,2.0,2.0,23.0,10833567
Lalitpur,11.99,aana,4103.58,17.0,2.0,2.0,2.0,19.0,26822396
Chitwan,3728.0,sqft,3728.0,18.0,5.0,4.0,3.0,14.0,20948855
Chitwan,0.63,katha,2296.35,11.0,5.0,4.0,2.5,38.0,4517343
Pokhara,4.45,aana,1523.01,17.0,5.0,5.0,2.5,8.0,7413374
Kathmandu,7.18,aana,2457.36,15.0,3.0,2.0,1.5,5.0,17900065
Bhaktapur,3447.0,sqft,3447.0,11.0,2.0,1.0,2.0,17.0,17094261
Kathmandu,2802.0,sqft,2802.0,,1.0,2.0,2.5,28.0,18950828
Chitwan,4.04,katha,14725.8,18.0,5.0,4.0,2.5,2.0,34364278
Lalitpur,3986.0,sqft,3986.0,17.0,9.0,6.0,3.5,5.0,37249482
Chitwan,0.53,katha,1931.85,18.0,5.0,5.0,2.5,4.0,8196042
Bhaktapur,5.81,aana,1988.47,43.0,4.0,3.0,3.0,19.0,11589538
Bhaktapur,14.97,aana,5123.48,31.0,2.0,1.0,1.0,1.0,26740986
Pokhara,12.72,aana,4353.42,24.0,5.0,3.0,3.0,9.0,28865990
Kathmandu,0.83,ropani,4545.08,,5.0,5.0,2.5,13.0,33209170
Kathmandu,2.92,aana,999.37,24.0,4.0,,3.0,9.0,9545510
Kathmandu,5.94,aana,2032.97,11.0,2.0,1.0,1.5,14.0,13421471
Pokhara,3.96,aana,1355.31,13.0,4.0,3.0,2.5,8.0,7270136
Chitwan,0.99,katha,3608.55,21.0,3.0,2.0,2.0,4.0,10827034
Kathmandu,6.63,aana,2269.12,34.0,4.0,2.0,3.0,9.0,25434250
Lalitpur,0.17,ropani,930.92,21.0,5.0,3.0,3.0,10.0,8166986
Kathmandu,0.55,ropani,3011.8,31.0,3.0,2.0,1.0,5.0,31435043
Kathmandu,2016.0,sqft,2016.0,15.0,4.0,2.0,1.5,11.0,14131112
Lalitpur,7187.0,sqft,7187.0,26.0,5.0,5.0,3.0,19.0,41675120
Bhaktapur,1185.0,sqft,1185.0,20.0,5.0,3.0,3.0,17.0,7404372
Kathmandu,1.01,ropani,5530.76,36.0,5.0,4.0,3.0,8.0,50611896
Pokhara,8.3,aana,2840.68,29.0,3.0,3.0,2.0,19.0,12814014
Chitwan,2946.0,sqft,2946.0,11.0,4.0,2.0,2.0,6.0,12495197
Chitwan,0.69,katha,2515.05,21.0,5.0,4.0,3.5,4.0,16233484
Bhaktapur,7.45,aana,2549.76,14.0,6.0,4.0,3.0,25.0,13341026
Lalitpur,3500.0,sqft,3500.0,15.0,3.0,2.0,2.0,14.0,25300257
Bhaktapur,0.22,ropani,1204.72,15.0,1.0,2.0,1.0,12.0,4094221
Kathmandu,5.36,aana,1834.46,15.0,6.0,5.0,3.0,5.0,19663769
Butwal,3.62,katha,13194.9,17.0,3.0,2.0,3.0,40.0,23739807
Pokhara,3.6,aana,1232.1,7.0,7.0,5.0,3.5,6.0,8265100
Kathmandu,2332.0,sqft,2332.0,22.0,4.0,3.0,3.0,14.0,22253988
Lalitpur,2241.0,sqft,2241.0,7.0,5.0,4.0,2.5,21.0,12767183
Lalitpur,7.06,aana,2416.28,14.0,5.0,3.0,2.5,4.0,16994532
Bhaktapur,8.09,aana,2768.8,22.0,4.0,4.0,2.5,6.0,17426613
Butwal,23.42,dhur,4268.3,22.0,3.0,2.0,2.5,18.0,14971560
Lalitpur,0.47,ropani,2573.72,11.0,4.0,3.0,2.5,20.0,18606787
Pokhara,0.84,ropani,4599.84,21.0,4.0,3.0,2.0,10.0,24602435
Pokhara,9.0,aana,3080.25,13.0,8.0,6.0,4.0,21.0,19837001
Kathmandu,6727.0,sqft,6727.0,18.0,3.0,3.0,2.0,11.0,45319612
Kathmandu,2175.0,sqft,2175.0,15.0,5.0,,3.0,6.0,22400887
Pokhara,15.27,aana,5226.16,24.0,6.0,4.0,3.5,2.0,37850580
Kathmandu,13.5,aana,4620.38,18.0,1.0,1.0,1.0,17.0,30994378
Lalitpur,2078.0,sqft,2078.0,35.0,5.0,3.0,2.0,9.0,15439674
Chitwan,5174.0,sqft,5174.0,21.0,5.0,4.0,2.5,4.0,25951284
Pokhara,0.4,ropani,2190.4,10.0,6.0,4.0,3.5,7.0,14028935
Kathmandu,1911.0,sqft,1911.0,15.0,7.0,6.0,4.0,6.0,16623838
Pokhara,0.63,ropani,3449.88,15.0,4.0,3.0,2.0,29.0,13842794
Kathmandu,2173.0,sqft,2173.0,17.0,6.0,5.0,3.0,6.0,20743807
Lalitpur,13.85,aana,4740.16,9.0,3.0,3.0,2.0,21.0,28463460
Bhaktapur,2.93,aana,1002.79,30.0,2.0,1.0,1.0,5.0,4565012
Kathmandu,4347.0,sqft,4347.0,7.0,3.0,2.0,2.0,22.0,19373962
Pokhara,2624.0,sqft,2624.0,11.0,4.0,4.0,2.0,13.0,12837585
Kathmandu,9.05,aana,3097.36,12.0,2.0,2.0,2.5,8.0,31466331
Chitwan,15882.0,sqft,15882.0,21.0,4.0,4.0,3.5,11.0,54800928
Lalitpur,5.87,aana,2009.01,8.0,4.0,3.0,3.5,15.0,15980417
Lalitpur,6.16,aana,2108.26,39.0,5.0,4.0,3.5,3.0,20763169
Chitwan,8164.0,sqft,8164.0,32.0,6.0,5.0,3.5,18.0,27256393
Pokhara,13.13,aana,4493.74,28.0,6.0,5.0,4.0,10.0,40217201
Lalitpur,0.52,ropani,2847.52,21.0,4.0,3.0,2.5,23.0,15779885
Lalitpur,8.43,aana,2885.17,16.0,1.0,1.0,2.0,10.0,16873923
Kathmandu,1263.0,sqft,1263.0,9.0,4.0,3.0,2.5,8.0,8141482
Bhaktapur,10.86,aana,3716.83,14.0,4.0,4.0,3.5,7.0,26037470
Pokhara,8.1,aana,2772.22,20.0,5.0,4.0,3.5,20.0,17790567
Butwal,3.43,katha,12502.35,16.0,6.0,4.0,4.0,15.0,42549228
Butwal,9651.0,sqft,9651.0,6.0,4.0,3.0,2.5,18.0,23056596
Kathmandu,3.85,aana,1317.66,14.0,6.0,5.0,3.0,7.0,12104640
Kathmandu,6.23,aana,2132.22,11.0,3.0,2.0,2.5,39.0,12555354
Lalitpur,4650.0,sqft,4650.0,14.0,3.0,3.0,2.0,16.0,28138752
Chitwan,4229.0,sqft,4229.0,,2.0,1.0,2.5,7.0,19098567
Bhaktapur,6.68,aana,2286.23,32.0,4.0,2.0,3.0,13.0,18433267
Lalitpur,6.58,aana,2252.01,8.0,5.0,3.0,3.0,14.0,16935587
Pokhara,1.47,ropani,8049.72,9.0,4.0,2.0,2.0,7.0,35191986
Chitwan,4147.0,sqft,4147.0,33.0,4.0,4.0,2.5,18.0,15876017
Kathmandu,0.19,ropani,1040.44,12.0,5.0,4.0,3.0,40.0,6855119
Butwal,3593.0,sqft,3593.0,15.0,5.0,4.0,3.0,,19724207
Butwal,4478.0,sqft,4478.0,20.0,6.0,4.0,3.0,10.0,26177560
Pokhara,6.34,aana,2169.86,10.0,2.0,1.0,1.0,11.0,8231046
Lalitpur,4.94,aana,1690.72,7.0,4.0,3.0,2.5,15.0,12493906
Bhaktapur,3.49,aana,1194.45,26.0,2.0,2.0,2.5,19.0,8356614
Kathmandu,18.27,aana,6252.91,17.0,4.0,1.0,2.5,9.0,59801805
Kathmandu,4.36,aana,1492.21,12.0,1.0,1.0,1.0,28.0,11569640
Lalitpur,830.0,sqft,830.0,17.0,2.0,1.0,1.0,5.0,5237649
Kathmandu,4.43,aana,1516.17,22.0,4.0,3.0,2.0,16.0,14850825
Kathmandu,0.5,ropani,2738.0,12.0,2.0,1.0,1.0,7.0,20904458
Lalitpur,1622.0,sqft,1622.0,12.0,2.0,1.0,1.5,23.0,9190863
Lalitpur,21.9,aana,7495.27,25.0,5.0,5.0,3.5,28.0,53577792
Lalitpur,5717.0,sqft,5717.0,17.0,4.0,2.0,2.5,13.0,35118764
Pokhara,7.58,aana,2594.26,19.0,3.0,2.0,2.5,12.0,17304116
Kathmandu,0.21,ropani,1149.96,20.0,7.0,5.0,2.5,5.0,9629142
Butwal,9890.0,sqft,9890.0,20.0,6.0,5.0,2.5,12.0,32967687
Lalitpur,3.86,aana,1321.09,19.0,1.0,1.0,1.0,7.0,6691128
Kathmandu,5.65,aana,1933.71,19.0,5.0,5.0,2.0,20.0,13183014
Chitwan,2.13,katha,7763.85,16.0,4.0,3.0,2.0,5.0,19438003
Butwal,0.69,katha,2515.05,13.0,4.0,3.0,2.0,6.0,9300615
Kathmandu,5.0,aana,1711.25,6.0,3.0,2.0,2.5,31.0,8630850
Chitwan,4493.0,sqft,4493.0,15.0,3.0,2.0,2.5,3.0,20324776
Kathmandu,1966.0,sqft,1966.0,20.0,5.0,3.0,3.0,8.0,20567104
Pokhara,4.59,aana,1570.93,28.0,2.0,2.0,2.0,11.0,7410155
Pokhara,3.36,aana,1149.96,11.0,,4.0,3.0,8.0,7198106
Kathmandu,2469.0,sqft,2469.0,22.0,5.0,2.0,3.0,6.0,30694945
Kathmandu,2531.0,sqft,2531.0,12.0,4.0,3.0,3.0,4.0,25154768
Lalitpur,11.54,aana,3949.56,24.0,2.0,3.0,1.0,8.0,28906185
Kathmandu,0.32,ropani,1752.32,14.0,4.0,4.0,3.5,13.0,14426351
Kathmandu,0.3,ropani,1642.8,18.0,4.0,3.0,2.5,7.0,14775658
Lalitpur,7.86,aana,2690.09,14.0,7.0,5.0,4.0,11.0,23356706
Lalitpur,14.14,aana,4839.41,20.0,5.0,4.0,3.5,24.0,35057609
Pokhara,0.61,ropani,3340.36,24.0,1.0,1.0,1.5,17.0,12257709
Kathmandu,16.81,aana,5753.22,35.0,5.0,4.0,2.5,8.0,54603202
Kathmandu,3506.0,sqft,3506.0,31.0,3.0,2.0,3.0,6.0,39238372
Kathmandu,3.56,aana,1218.41,28.0,4.0,1.0,2.5,3.0,9361237
Lalitpur,9.76,aana,3340.36,21.0,3.0,2.0,3.0,8.0,22706265
Kathmandu,20.1,aana,6879.23,18.0,3.0,2.0,2.5,6.0,59873679
Kathmandu,3.08,aana,1054.13,10.0,4.0,2.0,2.5,10.0,8667132
Kathmandu,1582.0,sqft,1582.0,14.0,2.0,3.0,1.5,5.0,11553659
Butwal,0.77,katha,2806.65,6.0,4.0,3.0,3.0,2.0,13397790
Pokhara,1351.0,sqft,1351.0,12.0,6.0,4.0,3.0,1.0,8241407
Lalitpur,10.02,aana,3429.34,27.0,3.0,3.0,2.5,5.0,24401412
Kathmandu,1861.0,sqft,1861.0,10.0,4.0,3.0,2.0,5.0,17348236
Lalitpur,0.4,ropani,2190.4,21.0,2.0,2.0,2.0,11.0,16794527
Lalitpur,1385.0,sqft,1385.0,26.0,3.0,3.0,2.0,16.0,7722247
Kathmandu,4.68,aana,1601.73,23.0,3.0,2.0,3.0,8.0,14373309
Kathmandu,7.08,aana,2423.13,24.0,3.0,2.0,,26.0,20099697
Lalitpur,1901.0,sqft,1901.0,40.0,3.0,3.0,2.5,9.0,19403953
Bhaktapur,1326.0,sqft,1326.0,28.0,,3.0,4.0,3.0,10602361
Lalitpur,2245.0,sqft,2245.0,15.0,4.0,3.0,2.0,12.0,17636563
Pokhara,0.31,ropani,1697.56,,4.0,4.0,2.0,15.0,8592690
Chitwan,2.65,katha,9659.25,16.0,3.0,2.0,,15.0,20102141
Kathmandu,20.93,aana,7163.29,24.0,2.0,2.0,,7.0,53932570
Lalitpur,3272.0,sqft,3272.0,30.0,6.0,4.0,3.0,22.0,30117418
Kathmandu,8.07,aana,2761.96,20.0,5.0,3.0,3.0,34.0,17241564
Chitwan,2.63,katha,9586.35,30.0,5.0,4.0,3.0,18.0,32414510
Lalitpur,2189.0,sqft,2189.0,21.0,5.0,3.0,2.5,11.0,17386239
Kathmandu,2148.0,sqft,2148.0,22.0,2.0,2.0,1.0,10.0,11365556
Lalitpur,2908.0,sqft,2908.0,22.0,2.0,1.0,1.5,15.0,21044538
Pokhara,0.31,ropani,1697.56,24.0,4.0,3.0,2.0,5.0,8490554
Kathmandu,0.81,ropani,4435.56,16.0,2.0,1.0,2.0,6.0,33404369
Pokhara,1276.0,sqft,1276.0,14.0,3.0,2.0,1.5,22.0,4471430
Kathmandu,7.94,aana,2717.47,16.0,3.0,2.0,1.5,8.0,16993900
Bhaktapur,3.44,aana,1177.34,18.0,5.0,3.0,3.5,18.0,8434038
Chitwan,0.31,katha,1129.95,9.0,4.0,2.0,3.0,8.0,5250107
Bhaktapur,0.55,ropani,3011.8,17.0,,2.0,2.5,6.0,25622158
Kathmandu,8.02,aana,2744.84,14.0,4.0,3.0,2.5,33.0,20175402
Pokhara,2668.0,sqft,2668.0,18.0,4.0,3.0,2.5,3.0,12462047
Bhaktapur,8.9,aana,3046.03,37.0,4.0,4.0,,34.0,15967015
Kathmandu,2268.0,sqft,2268.0,12.0,4.0,3.0,2.0,2.0,17792751
Bhaktapur,2480.0,sqft,2480.0,7.0,3.0,2.0,1.5,6.0,11206176
Lalitpur,5.35,aana,1831.04,10.0,3.0,2.0,2.0,3.0,10960095
Butwal,1.44,katha,5248.8,24.0,3.0,3.0,2.0,19.0,12867735
Butwal,0.62,katha,2259.9,18.0,4.0,3.0,2.5,5.0,10400907
Pokhara,2357.0,sqft,2357.0,27.0,5.0,3.0,3.5,6.0,18563860
Bhaktapur,6.73,aana,2303.34,27.0,5.0,3.0,3.5,16.0,16988867
Kathmandu,1051.0,sqft,1051.0,23.0,4.0,2.0,2.5,27.0,7548646
Lalitpur,5.83,aana,1995.32,8.0,6.0,4.0,4.0,15.0,15040636
Bhaktapur,2980.0,sqft,2980.0,17.0,2.0,2.0,1.0,47.0,16026129
Lalitpur,4.41,aana,1509.32,33.0,2.0,1.0,1.5,3.0,11027687
Bhaktapur,5.76,aana,1971.36,20.0,2.0,2.0,2.5,10.0,10020802
Kathmandu,6.49,aana,2221.2,18.0,8.0,7.0,4.0,8.0,21531068
Pokhara,14.69,aana,5027.65,12.0,3.0,2.0,2.5,21.0,23497664
Butwal,1.65,katha,6014.25,25.0,,4.0,3.0,13.0,28411987
Pokhara,7886.0,sqft,7886.0,,1.0,1.0,1.5,11.0,38096559
Kathmandu,13.8,aana,4723.05,19.0,6.0,4.0,2.5,7.0,43939519
Lalitpur,1973.0,sqft,1973.0,17.0,6.0,5.0,3.0,43.0,11226206
Kathmandu,6.66,aana,2279.39,15.0,1.0,1.0,2.0,13.0,16968925
Bhaktapur,2616.0,sqft,2616.0,17.0,4.0,3.0,2.5,45.0,11284818
Kathmandu,0.69,ropani,3778.44,12.0,3.0,1.0,2.5,7.0,30927815
Bhaktapur,3468.0,sqft,3468.0,37.0,4.0,4.0,2.5,11.0,22044673
Chitwan,4956.0,sqft,4956.0,22.0,4.0,5.0,3.0,12.0,20284543
Pokhara,4.92,aana,1683.87,20.0,2.0,2.0,1.5,13.0,8533010
Kathmandu,7.02,aana,2402.59,24.0,5.0,5.0,2.5,3.0,21858965
Kathmandu,3.73,aana,1276.59,9.0,1.0,1.0,1.5,8.0,9199604
Kathmandu,1206.0,sqft,1206.0,14.0,2.0,2.0,2.0,6.0,9500798
Bhaktapur,7.72,aana,2642.17,19.0,7.0,5.0,4.0,10.0,21954902
Lalitpur,0.47,ropani,2573.72,24.0,,4.0,,50.0,15755143
Lalitpur,3399.0,sqft,3399.0,,4.0,4.0,2.5,1.0,28818706
Kathmandu,4.24,aana,1451.14,16.0,6.0,5.0,3.0,3.0,18906933
Pokhara,8.84,aana,3025.49,25.0,3.0,3.0,2.0,4.0,15947742
Pokhara,5.6,aana,1916.6,12.0,3.0,2.0,3.5,15.0,15923504
Chitwan,3369.0,sqft,3369.0,34.0,3.0,1.0,2.0,7.0,12958035
Kathmandu,2918.0,sqft,2918.0,17.0,4.0,,2.5,5.0,27483568
Pokhara,2546.0,sqft,2546.0,8.0,5.0,3.0,3.0,11.0,15468995
Pokhara,0.61,ropani,3340.36,13.0,4.0,3.0,3.5,18.0,22129517
Bhaktapur,3479.0,sqft,3479.0,15.0,7.0,5.0,4.0,12.0,28037720
Lalitpur,4.92,aana,1683.87,18.0,4.0,3.0,3.5,12.0,16093707
Chitwan,5329.0,sqft,5329.0,6.0,3.0,2.0,2.5,10.0,22951115
Kathmandu,0.26,ropani,1423.76,24.0,3.0,2.0,2.0,4.0,11577631
Kathmandu,4.93,aana,1687.29,16.0,3.0,2.0,2.0,4.0,12521428
Kathmandu,2.62,aana,896.7,7.0,3.0,3.0,1.0,13.0,5356266
Lalitpur,3279.0,sqft,3279.0,11.0,4.0,3.0,2.5,8.0,23220072
Kathmandu,2.83,aana,968.57,14.0,4.0,3.0,2.5,5.0,7360595
Kathmandu,1686.0,sqft,1686.0,13.0,3.0,2.0,2.5,11.0,14099604
Lalitpur,2408.0,sqft,2408.0,14.0,3.0,3.0,2.0,22.0,14167525
Kathmandu,2817.0,sqft,2817.0,17.0,5.0,4.0,2.0,5.0,18957331
Pokhara,1706.0,sqft,1706.0,23.0,3.0,2.0,1.5,10.0,8004052
Kathmandu,10.19,aana,3487.53,17.0,3.0,2.0,2.5,8.0,27656913
Kathmandu,2.77,aana,948.03,29.0,3.0,2.0,2.0,25.0,5928141
Butwal,78.17,dhur,14246.48,6.0,2.0,1.0,2.5,34.0,22498610
Bhaktapur,0.18,ropani,985.68,11.0,4.0,3.0,2.5,40.0,4769134
Pokhara,1325.0,sqft,1325.0,18.0,4.0,3.0,2.0,24.0,5638624
Pokhara,1535.0,sqft,1535.0,28.0,3.0,,2.0,16.0,7365272
Lalitpur,12.47,aana,4267.86,23.0,5.0,4.0,3.0,3.0,37177095
Bhaktapur,3.53,aana,1208.14,24.0,3.0,2.0,1.5,15.0,5271935
Pokhara,3.77,aana,1290.28,19.0,6.0,5.0,3.5,15.0,8251093
Kathmandu,0.52,ropani,2847.52,22.0,4.0,3.0,3.0,3.0,29548380
Bhaktapur,12.51,aana,4281.55,26.0,4.0,3.0,2.5,6.0,28303967
Kathmandu,9.46,aana,3237.69,36.0,7.0,5.0,4.0,9.0,30736942
Bhaktapur,6.11,aana,2091.15,17.0,2.0,2.0,2.5,12.0,12126027
Bhaktapur,6.87,aana,2351.26,28.0,5.0,3.0,3.0,2.0,22602996
Kathmandu,0.15,ropani,821.4,21.0,3.0,2.0,2.0,4.0,6036098
Kathmandu,12.16,aana,4161.76,9.0,6.0,4.0,3.5,13.0,32753554
Kathmandu,3396.0,sqft,3396.0,35.0,4.0,3.0,3.5,12.0,30791589
Butwal,4.5,katha,16402.5,10.0,4.0,3.0,2.0,5.0,27427751
Bhaktapur,10.29,aana,3521.75,16.0,6.0,5.0,3.0,7.0,28516004
Lalitpur,0.44,ropani,2409.44,10.0,4.0,3.0,3.0,4.0,18844307
Lalitpur,4340.0,sqft,4340.0,8.0,6.0,4.0,2.5,15.0,30883225
Pokhara,3.05,aana,1043.86,16.0,5.0,4.0,2.5,10.0,5857180
Kathmandu,8.23,aana,2816.72,35.0,4.0,3.0,3.5,19.0,30483271
Kathmandu,18.36,aana,6283.71,9.0,4.0,3.0,2.5,13.0,52038371
Butwal,3.87,katha,14106.15,17.0,3.0,2.0,2.5,15.0,37794899
Lalitpur,6544.0,sqft,6544.0,14.0,3.0,2.0,2.0,6.0,38672999
Pokhara,4821.0,sqft,4821.0,14.0,6.0,5.0,3.5,6.0,38575882
Butwal,1.28,katha,4665.6,7.0,3.0,2.0,2.0,14.0,12793873
Kathmandu,6195.0,sqft,6195.0,15.0,3.0,3.0,,24.0,60773810
Chitwan,8392.0,sqft,8392.0,30.0,5.0,3.0,2.5,9.0,25497831
Pokhara,12981.0,sqft,12981.0,35.0,6.0,4.0,3.0,12.0,46358647
Kathmandu,5.14,aana,1759.16,11.0,4.0,3.0,2.0,30.0,10037753
Pokhara,1692.0,sqft,1692.0,38.0,2.0,2.0,1.5,26.0,7557093
Lalitpur,8337.0,sqft,8337.0,20.0,3.0,1.0,2.0,8.0,42952659
Butwal,1.06,katha,3863.7,14.0,2.0,2.0,2.0,10.0,15153728
Lalitpur,11.02,aana,3771.59,10.0,,3.0,1.5,9.0,20172607
Kathmandu,4.35,aana,1488.79,15.0,7.0,5.0,3.0,15.0,13007624
Bhaktapur,3.02,aana,1033.6,9.0,4.0,3.0,3.0,11.0,5469446
Lalitpur,12.63,aana,4322.62,11.0,5.0,3.0,3.5,7.0,34259081
Lalitpur,13.34,aana,4565.61,23.0,5.0,3.0,3.0,12.0,36474131
Bhaktapur,6.73,aana,2303.34,44.0,3.0,3.0,2.5,21.0,12569736
Kathmandu,7.88,aana,2696.93,37.0,2.0,1.0,1.5,9.0,20516752
Chitwan,2330.0,sqft,2330.0,38.0,6.0,4.0,4.0,25.0,10620918
Butwal,1.6,katha,5832.0,14.0,2.0,1.0,1.0,,12010461
Pokhara,3865.0,sqft,3865.0,17.0,4.0,3.0,3.0,7.0,31903700
Kathmandu,4929.0,sqft,4929.0,15.0,6.0,5.0,4.0,7.0,51318344
Bhaktapur,7.92,aana,2710.62,45.0,2.0,2.0,2.0,10.0,16300532
Kathmandu,2464.0,sqft,2464.0,,3.0,1.0,2.5,26.0,16629536
Lalitpur,5.5,aana,1882.38,30.0,4.0,3.0,3.0,7.0,19282082
Lalitpur,1920.0,sqft,1920.0,9.0,,3.0,2.5,13.0,9344749
Pokhara,10.29,aana,3521.75,6.0,4.0,3.0,2.0,10.0,13635003
Kathmandu,3405.0,sqft,3405.0,18.0,5.0,4.0,3.0,18.0,34259100
Lalitpur,8.13,aana,2782.49,21.0,4.0,3.0,2.0,6.0,19070589
Lalitpur,22.64,aana,7748.54,12.0,4.0,2.0,2.5,11.0,51443385
Chitwan,0.89,katha,3244.05,11.0,4.0,3.0,2.5,29.0,9959888
Chitwan,1.02,katha,3717.9,31.0,1.0,1.0,1.0,11.0,10187491
Lalitpur,6.84,aana,2340.99,15.0,6.0,3.0,3.5,29.0,15872882
Chitwan,17.11,dhur,3118.3,15.0,5.0,2.0,3.0,8.0,15641499
Pokhara,1.46,aana,499.69,10.0,4.0,2.0,3.0,2.0,2737575
Kathmandu,3.93,aana,1345.04,6.0,4.0,4.0,2.0,2.0,8406268
Bhaktapur,5.28,aana,1807.08,6.0,1.0,1.0,1.0,7.0,6669029
Kathmandu,14.16,aana,4846.26,15.0,3.0,2.0,2.5,13.0,43266786
Kathmandu,0.64,ropani,3504.64,20.0,4.0,2.0,2.0,10.0,37133063
Pokhara,1577.0,sqft,1577.0,15.0,6.0,4.0,3.0,11.0,8866795
Pokhara,0.36,ropani,1971.36,19.0,7.0,6.0,3.5,22.0,11082710
Pokhara,0.51,ropani,2792.76,25.0,4.0,3.0,2.0,12.0,11921664
Kathmandu,1251.0,sqft,1251.0,21.0,6.0,4.0,3.5,11.0,2748064
Lalitpur,7.15,aana,2447.09,9.0,2.0,1.0,1.5,19.0,14394016
Butwal,20543.0,sqft,20543.0,6.0,8.0,7.0,3.5,25.0,32672742
Lalitpur,6.64,aana,2272.54,16.0,6.0,4.0,4.0,8.0,18725090
Pokhara,6.73,aana,2303.34,20.0,5.0,3.0,3.5,5.0,17236233
Lalitpur,5.86,aana,2005.59,19.0,3.0,3.0,2.0,4.0,17011145
Bhaktapur,6.55,aana,2241.74,,2.0,1.0,2.0,19.0,12211547
Kathmandu,9.28,aana,3176.08,30.0,2.0,1.0,2.0,10.0,20137618
Pokhara,10.27,aana,3514.91,34.0,2.0,2.0,2.5,5.0,18388676
Lalitpur,13.31,aana,4555.35,6.0,4.0,3.0,2.0,19.0,21911912
Kathmandu,2576.0,sqft,2576.0,17.0,4.0,4.0,2.5,8.0,23101604
Bhaktapur,1.27,ropani,6954.52,23.0,4.0,2.0,2.5,22.0,47127290
Kathmandu,6.86,aana,2347.84,33.0,3.0,3.0,1.5,22.0,18577415
Lalitpur,6.73,aana,2303.34,18.0,5.0,4.0,3.5,10.0,22871663
Bhaktapur,1653.0,sqft,1653.0,39.0,4.0,3.0,2.0,4.0,10220010
Kathmandu,5.7,aana,1950.83,18.0,4.0,2.0,2.0,23.0,14863679
Kathmandu,1040.0,sqft,1040.0,11.0,2.0,1.0,2.5,8.0,9306943
Bhaktapur,3.11,aana,1064.4,11.0,2.0,2.0,1.0,29.0,4392568
Butwal,1.28,katha,4665.6,7.0,3.0,3.0,2.0,6.0,14949879
Kathmandu,9.39,aana,3213.73,25.0,5.0,4.0,3.5,2.0,31819203
Kathmandu,5.08,aana,1738.63,17.0,,3.0,3.0,10.0,14041638
Chitwan,36.65,dhur,6679.46,9.0,,6.0,4.0,4.0,32083235
Pokhara,4.05,aana,1386.11,8.0,5.0,4.0,3.0,6.0,8433232
Lalitpur,6.48,aana,2217.78,13.0,5.0,3.0,2.5,3.0,17881976
Kathmandu,2727.0,sqft,2727.0,26.0,2.0,1.0,2.5,8.0,26470881
Bhaktapur,0.76,ropani,4161.76,13.0,4.0,3.0,1.0,4.0,19677561
Kathmandu,4073.0,sqft,4073.0,22.0,3.0,2.0,2.0,1.0,31725207
Lalitpur,21.96,aana,7515.81,19.0,3.0,3.0,3.0,6.0,40328605
Lalitpur,12.69,aana,4343.15,33.0,3.0,1.0,2.5,17.0,29827967
Lalitpur,0.24,ropani,1314.24,17.0,5.0,2.0,3.5,20.0,8775420
Lalitpur,4.48,aana,1533.28,15.0,2.0,3.0,1.5,2.0,7805419
Lalitpur,8.01,aana,2741.42,31.0,5.0,4.0,2.0,,15515985
Kathmandu,1810.0,sqft,1810.0,45.0,3.0,2.0,1.5,23.0,14653721
Pokhara,2391.0,sqft,2391.0,21.0,4.0,2.0,2.5,1.0,11222104
Bhaktapur,1071.0,sqft,1071.0,6.0,5.0,4.0,3.0,3.0,7210404
Butwal,4788.0,sqft,4788.0,6.0,3.0,2.0,2.5,11.0,18188827
Butwal,10898.0,sqft,10898.0,25.0,4.0,3.0,2.5,31.0,23638062
Lalitpur,9.51,aana,3254.8,6.0,4.0,3.0,2.0,28.0,91880238
Lalitpur,12.57,aana,4302.08,18.0,4.0,4.0,2.5,6.0,28121621
Lalitpur,3572.0,sqft,3572.0,17.0,6.0,5.0,3.0,13.0,28434534
Butwal,1.37,katha,4993.65,7.0,1.0,1.0,1.0,25.0,7400922
Pokhara,0.43,ropani,2354.68,22.0,5.0,4.0,2.5,5.0,16367327
Pokhara,2563.0,sqft,2563.0,22.0,3.0,3.0,3.0,8.0,16507956
Lalitpur,0.52,ropani,2847.52,16.0,1.0,1.0,1.0,18.0,13355260
Lalitpur,7.86,aana,2690.09,8.0,3.0,3.0,3.0,29.0,14591511
Kathmandu,2.07,aana,708.46,16.0,3.0,2.0,2.0,21.0,6611051
Lalitpur,3953.0,sqft,3953.0,12.0,1.0,1.0,1.5,12.0,22986112
Butwal,6708.0,sqft,6708.0,14.0,3.0,4.0,2.0,20.0,24377478
Lalitpur,12.44,aana,4257.59,6.0,5.0,4.0,3.0,10.0,32199348
Bhaktapur,20.85,aana,7135.91,18.0,2.0,1.0,2.0,10.0,35187994
Lalitpur,10.64,aana,3641.54,31.0,1.0,1.0,1.0,7.0,20712832
Bhaktapur,4.93,aana,1687.29,39.0,4.0,3.0,2.5,24.0,9428346
Pokhara,0.81,ropani,4435.56,16.0,7.0,6.0,3.5,12.0,24573114
Kathmandu,11.89,aana,4069.35,8.0,7.0,5.0,3.5,15.0,42928496
Chitwan,11.87,dhur,2163.31,15.0,2.0,2.0,2.0,11.0,9929758
Lalitpur,0.27,ropani,1478.52,12.0,3.0,2.0,2.0,8.0,9819904
Chitwan,6655.0,sqft,6655.0,31.0,6.0,4.0,3.0,11.0,27184103
Bhaktapur,14.03,aana,4801.77,37.0,4.0,3.0,2.0,1.0,27198250
Bhaktapur,0.28,ropani,1533.28,19.0,5.0,3.0,3.5,12.0,12484935
Chitwan,4984.0,sqft,4984.0,17.0,4.0,3.0,2.0,10.0,14146064
Pokhara,1014.0,sqft,1014.0,16.0,4.0,2.0,3.0,3.0,6146812
Butwal,1.82,katha,6633.9,27.0,5.0,4.0,3.5,35.0,18635805
Kathmandu,11.04,aana,3778.44,11.0,4.0,3.0,2.0,11.0,27498112
Kathmandu,2725.0,sqft,2725.0,7.0,6.0,5.0,4.0,3.0,31965564
Lalitpur,0.69,ropani,3778.44,18.0,3.0,3.0,2.0,14.0,25581178
Kathmandu,15.1,aana,5167.97,29.0,4.0,3.0,2.5,13.0,43740892
Kathmandu,2244.0,sqft,2244.0,32.0,6.0,5.0,3.5,21.0,20204753
Bhaktapur,1843.0,sqft,1843.0,44.0,3.0,3.0,2.5,13.0,11615720
Lalitpur,6.34,aana,2169.86,11.0,5.0,3.0,3.5,13.0,18887498
Butwal,131.77,dhur,24015.08,45.0,6.0,5.0,4.0,10.0,57625511
Bhaktapur,0.43,ropani,2354.68,25.0,5.0,4.0,2.5,23.0,13438296
Bhaktapur,5444.0,sqft,5444.0,38.0,2.0,2.0,2.5,5.0,31168377
Bhaktapur,6.75,aana,2310.19,37.0,4.0,4.0,2.5,2.0,21748917
Kathmandu,3.7,aana,1266.33,10.0,5.0,3.0,3.5,18.0,9767410
Kathmandu,3191.0,sqft,3191.0,15.0,5.0,3.0,3.0,17.0,25734117
Butwal,5177.0,sqft,5177.0,25.0,7.0,4.0,4.0,13.0,28058150
Kathmandu,10.07,aana,3446.46,17.0,5.0,4.0,3.0,27.0,23764237
Chitwan,2.75,katha,10023.75,20.0,7.0,5.0,3.5,21.0,26907091
Chitwan,29.24,dhur,5328.99,15.0,3.0,3.0,1.0,18.0,11360713
Kathmandu,21.66,aana,7413.14,18.0,6.0,6.0,4.0,5.0,52365255
Pokhara,5.63,aana,1926.87,11.0,6.0,4.0,3.0,15.0,10470477
Chitwan,2.29,katha,8347.05,26.0,6.0,5.0,2.5,26.0,4290320
Kathmandu,0.25,ropani,1369.0,9.0,5.0,3.0,3.5,12.0,15096086
Pokhara,3711.0,sqft,3711.0,17.0,5.0,4.0,3.5,19.0,29450913
Kathmandu,6.42,aana,2197.24,10.0,1.0,1.0,1.5,30.0,12274018
Butwal,3.05,katha,11117.25,16.0,4.0,3.0,2.0,3.0,23589042
Kathmandu,4.3,aana,1471.67,13.0,3.0,2.0,2.0,15.0,10611227
Lalitpur,6.87,aana,2351.26,27.0,2.0,2.0,1.0,6.0,15578464
Kathmandu,2627.0,sqft,2627.0,10.0,4.0,3.0,2.0,10.0,20793631
Chitwan,5232.0,sqft,5232.0,26.0,3.0,2.0,1.5,12.0,14481204
Lalitpur,0.64,ropani,3504.64,6.0,1.0,1.0,1.0,7.0,14068153
Lalitpur,6.6,aana,2258.85,12.0,5.0,3.0,3.0,4.0,19840152
Butwal,8104.0,sqft,8104.0,16.0,4.0,4.0,2.5,5.0,27553987
Kathmandu,0.14,ropani,766.64,40.0,4.0,2.0,2.0,8.0,6104986
Lalitpur,13.32,aana,4558.77,10.0,5.0,4.0,3.0,12.0,43502340
Bhaktapur,5.97,aana,2043.23,17.0,2.0,2.0,2.5,7.0,11393815
Bhaktapur,2970.0,sqft,2970.0,10.0,4.0,3.0,2.0,7.0,21256056
Pokhara,9.48,aana,3244.53,13.0,,2.0,2.0,16.0,13738268
Kathmandu,5.25,aana,1796.81,22.0,1.0,1.0,1.0,7.0,11625572
Bhaktapur,5.43,aana,1858.42,12.0,2.0,1.0,3.0,12.0,12628941
Chitwan,0.88,katha,3207.6,19.0,4.0,3.0,3.5,36.0,10966512
Pokhara,4328.0,sqft,4328.0,21.0,4.0,4.0,2.5,8.0,109651846
Lalitpur,4.46,aana,1526.43,21.0,4.0,3.0,2.5,20.0,9192124
Pokhara,5.24,aana,1793.39,33.0,6.0,4.0,4.0,8.0,16337379
Butwal,2.37,katha,8638.65,17.0,3.0,2.0,1.5,6.0,16133146
Bhaktapur,3.64,aana,1245.79,15.0,3.0,1.0,2.5,16.0,7851214
Bhaktapur,8.73,aana,2987.84,33.0,1.0,2.0,2.0,1.0,24534631
Kathmandu,6.23,aana,2132.22,11.0,4.0,3.0,3.0,5.0,18018709
Lalitpur,6048.0,sqft,6048.0,15.0,3.0,2.0,1.5,15.0,40468880
Butwal,16.28,dhur,2967.03,19.0,3.0,3.0,2.0,5.0,13853313
Lalitpur,13.86,aana,4743.59,13.0,5.0,4.0,3.0,22.0,23661628
Chitwan,1.63,katha,5941.35,19.0,6.0,5.0,2.5,6.0,22036952
Pokhara,2344.0,sqft,2344.0,9.0,3.0,2.0,2.5,24.0,8873876
Butwal,6525.0,sqft,6525.0,10.0,2.0,1.0,2.5,4.0,27137188
Lalitpur,6.77,aana,2317.03,8.0,4.0,4.0,2.5,10.0,21180679
Lalitpur,12.23,aana,4185.72,13.0,2.0,1.0,1.5,11.0,28898350
Bhaktapur,10.6,aana,3627.85,6.0,6.0,5.0,3.0,27.0,17278358
Bhaktapur,17.64,aana,6037.29,9.0,6.0,4.0,4.0,10.0,37019236
Lalitpur,9.46,aana,3237.69,26.0,5.0,3.0,2.5,15.0,21344028
Kathmandu,7.33,aana,2508.69,9.0,4.0,3.0,2.5,15.0,18050980
Lalitpur,940.0,sqft,940.0,15.0,5.0,3.0,3.0,10.0,6116253
Lalitpur,1874.0,sqft,1874.0,9.0,2.0,1.0,2.0,12.0,11724366
Lalitpur,1334.0,sqft,1334.0,20.0,6.0,5.0,3.5,11.0,14840473
Kathmandu,2795.0,sqft,2795.0,10.0,3.0,2.0,2.0,4.0,20250155
Bhaktapur,4.48,aana,1533.28,16.0,3.0,2.0,2.5,5.0,9872144
Lalitpur,0.44,ropani,2409.44,16.0,4.0,2.0,2.5,5.0,14061376
Kathmandu,0.31,ropani,1697.56,11.0,5.0,4.0,3.0,6.0,15307152
Butwal,0.85,katha,3098.25,8.0,6.0,4.0,,17.0,15753842
Butwal,1.66,katha,6050.7,38.0,4.0,3.0,2.5,24.0,18575956
Lalitpur,1.0,ropani,5476.0,12.0,2.0,1.0,1.0,19.0,22625180
Kathmandu,18.92,aana,6475.37,19.0,6.0,4.0,3.0,5.0,49117442
Kathmandu,3.09,aana,1057.55,10.0,3.0,2.0,2.0,7.0,6194832
Kathmandu,0.32,ropani,1752.32,27.0,3.0,2.0,2.5,39.0,11496628
Bhaktapur,14.34,aana,4907.86,21.0,5.0,5.0,2.5,24.0,35569076
Lalitpur,2002.0,sqft,2002.0,10.0,5.0,4.0,2.5,15.0,12532003
Pokhara,6.16,aana,2108.26,20.0,6.0,5.0,2.5,7.0,13087321
Kathmandu,1310.0,sqft,1310.0,6.0,4.0,3.0,2.0,16.0,9875528
Lalitpur,3.79,aana,1297.13,27.0,5.0,4.0,3.5,8.0,13281961
Pokhara,3188.0,sqft,3188.0,11.0,4.0,4.0,2.5,36.0,8808371
Lalitpur,18.63,aana,6376.12,7.0,3.0,3.0,2.0,21.0,32142789
Chitwan,2.62,katha,9549.9,20.0,6.0,4.0,3.0,5.0,27759012
Bhaktapur,4.15,aana,1420.34,15.0,1.0,1.0,1.0,12.0,6602469
Butwal,0.63,katha,2296.35,35.0,3.0,3.0,1.5,13.0,6545569
Lalitpur,5704.0,sqft,5704.0,36.0,7.0,5.0,3.0,14.0,42925785
Lalitpur,10.07,aana,3446.46,11.0,4.0,3.0,2.5,34.0,23160889
Butwal,4324.0,sqft,4324.0,10.0,1.0,1.0,2.0,24.0,11266875
Kathmandu,17.54,aana,6003.06,16.0,2.0,1.0,1.0,4.0,41297553
Pokhara,3113.0,sqft,3113.0,13.0,8.0,5.0,4.0,9.0,31164348
Butwal,11090.0,sqft,11090.0,17.0,2.0,2.0,2.0,21.0,17758167
Bhaktapur,4.57,aana,1564.08,14.0,3.0,1.0,2.0,26.0,6403726
Lalitpur,10.33,aana,3535.44,18.0,5.0,4.0,3.0,8.0,29293986
Kathmandu,3206.0,sqft,3206.0,45.0,3.0,4.0,2.5,10.0,25627664
Kathmandu,9.51,aana,3254.8,9.0,6.0,4.0,2.5,12.0,24325346
Chitwan,1.18,katha,4301.1,18.0,4.0,2.0,1.5,8.0,13906739
Kathmandu,5.67,aana,1940.56,,3.0,2.0,2.5,4.0,15706318
Pokhara,4405.0,sqft,4405.0,21.0,1.0,1.0,1.5,6.0,25384752
Chitwan,13241.0,sqft,13241.0,33.0,4.0,3.0,2.0,10.0,28812881
Lalitpur,5.14,aana,1759.16,9.0,3.0,3.0,1.5,8.0,7857754
Kathmandu,3003.0,sqft,3003.0,21.0,4.0,3.0,2.0,7.0,32357179
Kathmandu,1260.0,sqft,1260.0,14.0,3.0,2.0,2.0,7.0,8343699
Kathmandu,29.7,aana,10164.82,9.0,3.0,3.0,2.5,8.0,62709698
Bhaktapur,1077.0,sqft,1077.0,43.0,3.0,2.0,2.0,8.0,7972874
Kathmandu,0.7,ropani,3833.2,17.0,4.0,3.0,2.0,9.0,27643415
Lalitpur,11.57,aana,3959.83,24.0,5.0,3.0,3.0,19.0,24602915
Butwal,3624.0,sqft,3624.0,13.0,2.0,1.0,1.5,19.0,12202992
Kathmandu,4.53,aana,1550.39,20.0,3.0,2.0,2.0,2.0,13023085
Kathmandu,7.66,aana,2621.64,25.0,4.0,2.0,2.5,7.0,19219922
Kathmandu,1683.0,sqft,1683.0,26.0,5.0,3.0,3.5,13.0,19850277
Bhaktapur,9.24,aana,3162.39,,1.0,1.0,2.0,15.0,22217621
Bhaktapur,5.03,aana,1721.52,15.0,3.0,1.0,2.5,2.0,10146852
Bhaktapur,4.19,aana,1434.03,9.0,3.0,2.0,2.5,17.0,6912132
Pokhara,13.54,aana,4634.06,9.0,3.0,2.0,2.5,32.0,18186647
Pokhara,4.93,aana,1687.29,13.0,2.0,1.0,2.5,15.0,8578794
Pokhara,1126.0,sqft,1126.0,25.0,3.0,2.0,1.0,6.0,6186337
Bhaktapur,4619.0,sqft,4619.0,16.0,3.0,3.0,2.5,11.0,29477928
Bhaktapur,11.48,aana,3929.03,21.0,6.0,,3.5,14.0,24100736
Pokhara,13.97,aana,4781.23,34.0,4.0,4.0,2.5,15.0,24477419
Kathmandu,2309.0,sqft,2309.0,23.0,2.0,1.0,2.0,12.0,16957124
Lalitpur,14.68,aana,5024.23,9.0,6.0,5.0,3.0,19.0,31090190
Pokhara,5.56,aana,1902.91,18.0,3.0,2.0,,13.0,8922335
Pokhara,3774.0,sqft,3774.0,10.0,3.0,2.0,2.0,25.0,16313906
Kathmandu,6776.0,sqft,6776.0,15.0,6.0,5.0,3.5,13.0,48989363
Kathmandu,1884.0,sqft,1884.0,10.0,3.0,3.0,2.5,14.0,12198138
Butwal,1.47,katha,5358.15,12.0,3.0,2.0,2.5,9.0,21791032
Bhaktapur,11.53,aana,3946.14,33.0,4.0,4.0,2.5,17.0,29113367
Butwal,8188.0,sqft,8188.0,18.0,4.0,2.0,2.0,10.0,23914951
Pokhara,1797.0,sqft,1797.0,10.0,4.0,3.0,3.0,22.0,10527897
Chitwan,1.07,katha,3900.15,15.0,3.0,2.0,2.5,19.0,13638559
Kathmandu,0.33,ropani,1807.08,23.0,4.0,3.0,2.5,16.0,15964935
Kathmandu,9.18,aana,3141.86,27.0,3.0,2.0,2.0,7.0,21158570
Pokhara,3.12,aana,1067.82,10.0,4.0,3.0,2.0,7.0,4405619
Kathmandu,5634.0,sqft,5634.0,21.0,,6.0,3.5,26.0,41073803
Kathmandu,17.97,aana,6150.23,19.0,4.0,3.0,2.5,6.0,42222546
Kathmandu,0.34,ropani,1861.84,26.0,3.0,2.0,1.5,9.0,16044004
Pokhara,6.66,aana,2279.39,14.0,2.0,2.0,2.0,9.0,12572859
Pokhara,19.66,aana,6728.64,18.0,4.0,3.0,2.5,12.0,36161024
Bhaktapur,4904.0,sqft,4904.0,29.0,6.0,4.0,3.5,1.0,51103562
Pokhara,1739.0,sqft,1739.0,19.0,3.0,2.0,1.5,13.0,8296207
Lalitpur,6.02,aana,2060.34,12.0,2.0,1.0,1.0,11.0,10972230
Pokhara,7326.0,sqft,7326.0,9.0,2.0,2.0,2.5,16.0,25685191
Pokhara,2202.0,sqft,2202.0,13.0,4.0,2.0,3.0,24.0,11579539
Pokhara,10.03,aana,3432.77,10.0,6.0,4.0,3.0,17.0,20299931
Kathmandu,4.48,aana,1533.28,9.0,8.0,6.0,4.0,6.0,15102240
Chitwan,0.7,katha,2551.5,6.0,5.0,4.0,3.5,10.0,15894631
Chitwan,1.52,katha,5540.4,29.0,3.0,3.0,2.5,5.0,17492365
Bhaktapur,2110.0,sqft,2110.0,8.0,6.0,4.0,3.5,13.0,22699527
Lalitpur,6.47,aana,2214.36,13.0,6.0,4.0,3.0,1.0,19661429
Bhaktapur,0.31,ropani,1697.56,22.0,4.0,3.0,3.0,19.0,11341250
Lalitpur,5.86,aana,2005.59,33.0,3.0,3.0,2.0,12.0,15588969
Kathmandu,5197.0,sqft,5197.0,21.0,2.0,2.0,1.0,21.0,42922361
Chitwan,27.71,dhur,5050.15,15.0,5.0,3.0,2.5,12.0,20982969
Bhaktapur,2893.0,sqft,2893.0,12.0,4.0,3.0,2.0,4.0,18735076
Bhaktapur,0.4,ropani,2190.4,28.0,4.0,3.0,3.0,7.0,19321471
Lalitpur,1895.0,sqft,1895.0,20.0,4.0,3.0,2.5,9.0,15378714
Pokhara,4.35,aana,1488.79,8.0,4.0,2.0,3.0,28.0,6692287
Bhaktapur,7.44,aana,2546.34,30.0,3.0,,2.5,3.0,23184108
Lalitpur,2.63,aana,900.12,9.0,2.0,1.0,2.0,32.0,3543798
Bhaktapur,1032.0,sqft,1032.0,17.0,7.0,6.0,4.0,36.0,6214344
Chitwan,0.5,katha,1822.5,32.0,6.0,5.0,4.0,4.0,13835215
Lalitpur,11.13,aana,3809.24,27.0,7.0,6.0,3.5,50.0,25315831
Lalitpur,0.4,ropani,2190.4,21.0,2.0,1.0,2.0,10.0,14415181
Butwal,1.07,katha,3900.15,13.0,5.0,4.0,2.5,13.0,17292604
Kathmandu,920.0,sqft,920.0,15.0,1.0,1.0,1.0,19.0,7071181
Bhaktapur,4.59,aana,1570.93,16.0,1.0,1.0,1.0,10.0,8683597
Bhaktapur,10.34,aana,3538.86,19.0,4.0,2.0,3.0,10.0,24379904
Pokhara,5.39,aana,1844.73,9.0,6.0,4.0,3.5,8.0,12136857
Pokhara,0.96,ropani,5256.96,34.0,5.0,4.0,2.5,6.0,26783687
Lalitpur,7.47,aana,2556.61,7.0,1.0,1.0,1.0,22.0,11806873
Kathmandu,11.74,aana,4018.01,12.0,3.0,2.0,,7.0,37576204
Chitwan,1.19,katha,4337.55,41.0,4.0,2.0,1.5,,16078763
Bhaktapur,10.89,aana,3727.1,,4.0,3.0,2.5,18.0,17444591
Bhaktapur,2126.0,sqft,2126.0,13.0,3.0,2.0,2.5,3.0,13454392
Butwal,2.38,katha,8675.1,15.0,5.0,4.0,4.0,8.0,33829400
Lalitpur,2305.0,sqft,2305.0,25.0,8.0,6.0,4.0,18.0,28053451
Bhaktapur,7.45,aana,2549.76,11.0,2.0,2.0,2.0,14.0,11784299
Kathmandu,3.86,aana,1321.09,38.0,4.0,4.0,2.5,1.0,13161500
Bhaktapur,1.42,ropani,7775.92,18.0,3.0,2.0,2.0,15.0,31033779
Kathmandu,3764.0,sqft,3764.0,17.0,5.0,3.0,4.0,24.0,43952748
Kathmandu,11.91,aana,4076.2,29.0,5.0,4.0,3.0,5.0,36322708
Chitwan,4757.0,sqft,4757.0,18.0,1.0,1.0,1.0,20.0,9466328
Lalitpur,5.67,aana,1940.56,12.0,4.0,4.0,2.0,24.0,12947771
Pokhara,5.3,aana,1813.92,7.0,4.0,2.0,2.0,23.0,6533380
Kathmandu,25.96,aana,8884.81,24.0,3.0,2.0,2.0,2.0,49857488
Kathmandu,4.73,aana,1618.84,15.0,6.0,5.0,3.0,21.0,10966056
Bhaktapur,0.37,ropani,2026.12,11.0,4.0,3.0,3.0,15.0,11121252
Chitwan,0.97,katha,3535.65,12.0,6.0,4.0,3.0,21.0,11459256
Kathmandu,6.38,aana,2183.55,20.0,4.0,2.0,2.5,3.0,17797554
Lalitpur,7.65,aana,2618.21,29.0,4.0,,3.0,16.0,20002800
Pokhara,1736.0,sqft,1736.0,23.0,7.0,6.0,3.5,9.0,13870494
Chitwan,0.74,katha,2697.3,8.0,7.0,5.0,4.0,3.0,19674996
Lalitpur,10.94,aana,3744.21,16.0,2.0,2.0,2.0,24.0,26643920
Kathmandu,2001.0,sqft,2001.0,27.0,6.0,5.0,4.0,9.0,19672910
Butwal,1694.0,sqft,1694.0,45.0,4.0,3.0,3.0,12.0,10013928
Chitwan,4486.0,sqft,4486.0,10.0,4.0,3.0,3.0,6.0,23605499
Kathmandu,0.32,ropani,1752.32,22.0,8.0,6.0,,22.0,18665816
Butwal,4809.0,sqft,4809.0,19.0,5.0,3.0,3.0,10.0,21983647
Bhaktapur,0.22,ropani,1204.72,45.0,3.0,2.0,2.5,9.0,10280217
Chitwan,9649.0,sqft,9649.0,28.0,6.0,3.0,3.5,9.0,36424047
Kathmandu,0.38,ropani,2080.88,11.0,7.0,,4.0,16.0,15001626
Lalitpur,1419.0,sqft,1419.0,16.0,2.0,2.0,2.0,4.0,9402735
Lalitpur,9.12,aana,3121.32,13.0,4.0,3.0,2.5,13.0,23096101
Kathmandu,3.46,aana,1184.18,6.0,4.0,3.0,1.5,24.0,5603013
Lalitpur,2160.0,sqft,2160.0,31.0,2.0,2.0,,3.0,18081825
Pokhara,6.01,aana,2056.92,22.0,6.0,4.0,3.0,11.0,15699952
Pokhara,0.21,ropani,1149.96,27.0,5.0,4.0,1.5,30.0,4834070
Lalitpur,7.56,aana,2587.41,14.0,4.0,3.0,2.0,21.0,18013423
Chitwan,1.5,katha,5467.5,13.0,4.0,2.0,2.0,9.0,18583713
Kathmandu,831.0,sqft,831.0,9.0,1.0,1.0,1.5,13.0,5110183
Kathmandu,2248.0,sqft,2248.0,21.0,6.0,5.0,3.0,25.0,18587039
Kathmandu,2370.0,sqft,2370.0,16.0,3.0,3.0,2.5,7.0,24708135
Kathmandu,4542.0,sqft,4542.0,16.0,4.0,4.0,2.5,8.0,48223277
Bhaktapur,2682.0,sqft,2682.0,33.0,5.0,4.0,1.5,19.0,16329361
Pokhara,9.44,aana,3230.84,15.0,3.0,1.0,3.0,24.0,15028366
Butwal,2.99,katha,10898.55,27.0,4.0,2.0,2.5,3.0,31949418
Kathmandu,3449.0,sqft,3449.0,24.0,4.0,3.0,2.5,1.0,30120309
Lalitpur,12.41,aana,4247.32,29.0,4.0,2.0,2.5,3.0,38110199
Pokhara,8.62,aana,2950.19,16.0,1.0,1.0,1.0,16.0,10319555
Kathmandu,0.29,ropani,1588.04,19.0,7.0,5.0,3.5,17.0,12718658
Bhaktapur,2386.0,sqft,2386.0,22.0,1.0,2.0,1.0,6.0,11027574
Kathmandu,7.96,aana,2724.31,6.0,4.0,4.0,2.0,4.0,18403900
Kathmandu,0.15,ropani,821.4,25.0,1.0,2.0,1.0,7.0,4438751
Butwal,29.14,dhur,5310.77,8.0,4.0,3.0,3.0,8.0,29033357
Kathmandu,34.41,aana,11776.82,13.0,3.0,2.0,2.0,20.0,74555926
Kathmandu,13.98,aana,4784.65,9.0,4.0,2.0,3.0,4.0,56251109
Chitwan,1.7,katha,6196.5,26.0,2.0,2.0,1.5,17.0,13210008
Chitwan,1.35,katha,4920.75,19.0,4.0,4.0,3.0,13.0,22894591
Kathmandu,8.37,aana,2864.63,14.0,3.0,2.0,2.0,8.0,17913553
Chitwan,1.45,katha,5285.25,10.0,5.0,3.0,3.0,0.0,24860382
Kathmandu,4074.0,sqft,4074.0,16.0,2.0,1.0,1.5,8.0,30449347
Pokhara,4.34,aana,1485.37,9.0,3.0,2.0,1.5,9.0,7795434
Kathmandu,0.5,ropani,2738.0,19.0,3.0,3.0,2.5,11.0,24218738
Pokhara,8.51,aana,2912.55,9.0,5.0,3.0,4.0,22.0,17095153
Pokhara,3.39,aana,1160.23,8.0,3.0,2.0,2.5,9.0,6007617
Lalitpur,6.21,aana,2125.37,20.0,6.0,5.0,3.5,17.0,25775885
Kathmandu,0.64,ropani,3504.64,20.0,6.0,5.0,3.5,21.0,33919563
Pokhara,15.92,aana,5448.62,23.0,4.0,3.0,2.0,2.0,29676341
Kathmandu,0.7,ropani,3833.2,22.0,4.0,2.0,3.0,22.0,28103686
Lalitpur,4.71,aana,1612.0,18.0,5.0,4.0,2.5,5.0,11704917
Butwal,55.65,dhur,10142.21,15.0,3.0,2.0,2.0,6.0,25232090
Kathmandu,0.56,ropani,3066.56,19.0,5.0,3.0,3.0,11.0,21626700
Lalitpur,9.53,aana,3261.64,11.0,3.0,2.0,2.0,9.0,21138685
Kathmandu,5.9,aana,2019.28,21.0,2.0,2.0,1.0,9.0,12949353
Kathmandu,1903.0,sqft,1903.0,18.0,4.0,2.0,1.5,9.0,14709134
Chitwan,63.45,dhur,11563.76,25.0,1.0,1.0,1.0,19.0,23898268
Kathmandu,0.5,ropani,2738.0,14.0,5.0,3.0,3.0,7.0,29137375
Kathmandu,8.24,aana,2820.14,19.0,7.0,5.0,3.5,,24012494
Kathmandu,13.81,aana,4726.47,16.0,4.0,4.0,3.0,16.0,36128338
Kathmandu,7.68,aana,2628.48,9.0,4.0,4.0,3.0,17.0,21313158
Kathmandu,5370.0,sqft,5370.0,6.0,3.0,2.0,,16.0,26001234
Pokhara,3.39,aana,1160.23,10.0,6.0,4.0,3.5,17.0,6251260
Chitwan,5551.0,sqft,5551.0,20.0,5.0,4.0,2.5,8.0,23246084
Pokhara,2956.0,sqft,2956.0,19.0,4.0,3.0,2.5,13.0,21518990
Kathmandu,5.26,aana,1800.23,26.0,2.0,1.0,2.0,31.0,11339961
Bhaktapur,4.47,aana,1529.86,12.0,3.0,,2.0,10.0,9305637
Pokhara,8.82,aana,3018.64,35.0,4.0,2.0,2.0,9.0,17086885
Chitwan,50.23,dhur,9154.42,20.0,4.0,2.0,2.5,1.0,31128309
Bhaktapur,7.06,aana,2416.28,21.0,6.0,5.0,2.5,5.0,17128234
Chitwan,1.74,katha,6342.3,6.0,5.0,3.0,3.0,9.0,19050366
Butwal,1.27,katha,4629.15,18.0,4.0,2.0,3.0,25.0,19022632
Lalitpur,2984.0,sqft,2984.0,27.0,5.0,4.0,3.5,30.0,17309172
Chitwan,2.0,katha,7290.0,21.0,3.0,2.0,2.5,4.0,17355212
Lalitpur,2316.0,sqft,2316.0,17.0,4.0,3.0,2.0,19.0,15001243
Kathmandu,8203.0,sqft,8203.0,33.0,7.0,5.0,3.5,16.0,61943189
Lalitpur,2542.0,sqft,2542.0,13.0,5.0,3.0,2.5,9.0,18472353
Lalitpur,8.8,aana,3011.8,23.0,5.0,3.0,2.0,15.0,23077810
Lalitpur,5.07,aana,1735.21,14.0,3.0,2.0,1.5,13.0,12178567
Kathmandu,4547.0,sqft,4547.0,20.0,6.0,5.0,3.0,32.0,39142473
Kathmandu,0.23,ropani,1259.48,,3.0,3.0,2.5,10.0,14677885
Bhaktapur,5105.0,sqft,5105.0,44.0,1.0,2.0,1.5,18.0,28220145
Pokhara,986.0,sqft,986.0,20.0,2.0,2.0,2.0,12.0,5987219
Chitwan,1.58,katha,5759.1,18.0,5.0,3.0,2.0,17.0,17081191
Butwal,2416.0,sqft,2416.0,19.0,2.0,1.0,2.0,17.0,6392679
Bhaktapur,2803.0,sqft,2803.0,25.0,5.0,3.0,2.5,23.0,17655657
Kathmandu,2.08,aana,711.88,16.0,3.0,2.0,2.5,,4561212
Bhaktapur,13.84,aana,4736.74,8.0,3.0,2.0,2.0,0.0,30431372
Lalitpur,6.37,aana,2180.13,21.0,6.0,4.0,2.5,2.0,17421528
Lalitpur,18.19,aana,6225.53,25.0,5.0,3.0,2.0,29.0,36710163
Bhaktapur,2420.0,sqft,2420.0,31.0,4.0,4.0,3.0,1.0,21734414
Chitwan,5421.0,sqft,5421.0,13.0,5.0,3.0,2.5,13.0,21115929
Kathmandu,3538.0,sqft,3538.0,21.0,1.0,1.0,1.0,9.0,23529770
Butwal,2.53,katha,9221.85,12.0,5.0,4.0,3.0,15.0,32833572
Kathmandu,23.75,aana,8128.44,15.0,5.0,4.0,4.0,9.0,66414167
Kathmandu,7.65,aana,2618.21,12.0,5.0,4.0,3.0,,23289378
Pokhara,22.44,aana,7680.09,19.0,4.0,3.0,2.0,12.0,29398629
Pokhara,8.0,aana,2738.0,33.0,4.0,4.0,2.5,6.0,3732378
Kathmandu,2285.0,sqft,2285.0,11.0,4.0,2.0,2.5,22.0,18388007
Chitwan,15241.0,sqft,15241.0,11.0,3.0,2.0,2.5,9.0,33842861
Pokhara,3449.0,sqft,3449.0,38.0,1.0,1.0,1.0,10.0,12135479
Kathmandu,2325.0,sqft,2325.0,36.0,2.0,3.0,2.0,2.0,26088023
Chitwan,2.64,katha,9622.8,16.0,2.0,1.0,1.5,15.0,19145096
Lalitpur,8.15,aana,2789.34,20.0,3.0,2.0,1.0,8.0,18577680
Kathmandu,660.0,sqft,660.0,29.0,6.0,6.0,3.5,27.0,4853804
Lalitpur,10.76,aana,3682.61,27.0,3.0,2.0,2.0,5.0,35667278
Pokhara,0.16,ropani,876.16,19.0,5.0,4.0,4.0,7.0,8825290
Bhaktapur,5.88,aana,2012.43,11.0,4.0,3.0,2.5,5.0,16597667
Lalitpur,6.27,aana,2145.91,20.0,3.0,3.0,2.0,7.0,15826069
Kathmandu,2055.0,sqft,2055.0,37.0,3.0,1.0,2.5,22.0,17770224
Kathmandu,4992.0,sqft,4992.0,12.0,3.0,3.0,2.5,10.0,37915796
Lalitpur,2102.0,sqft,2102.0,28.0,6.0,4.0,3.5,11.0,20169119
Bhaktapur,17.73,aana,6068.09,18.0,4.0,3.0,3.0,9.0,38920169
Lalitpur,5.16,aana,1766.01,12.0,3.0,2.0,2.0,43.0,10550587
Butwal,5563.0,sqft,5563.0,18.0,5.0,3.0,3.0,28.0,17815260
Bhaktapur,3.67,aana,1256.06,25.0,4.0,4.0,2.5,9.0,9483725
Chitwan,1.71,katha,6232.95,12.0,5.0,4.0,3.5,14.0,29333327
Kathmandu,0.39,ropani,2135.64,28.0,5.0,3.0,3.5,8.0,19776622
Kathmandu,10.19,aana,3487.53,16.0,4.0,3.0,2.5,10.0,30192712
Bhaktapur,4235.0,sqft,4235.0,19.0,1.0,1.0,1.0,15.0,17272842
Butwal,4234.0,sqft,4234.0,14.0,4.0,4.0,2.0,20.0,15323275
Butwal,6655.0,sqft,6655.0,16.0,4.0,3.0,2.0,6.0,23357760
Bhaktapur,15.12,aana,5174.82,,4.0,3.0,2.5,23.0,37530099
Kathmandu,853.0,sqft,853.0,25.0,4.0,3.0,2.5,7.0,8373742
Bhaktapur,10.27,aana,3514.91,9.0,5.0,4.0,2.5,8.0,18814083
Lalitpur,9.65,aana,3302.71,16.0,7.0,6.0,4.0,14.0,28568533
Chitwan,1.29,katha,4702.05,10.0,6.0,5.0,2.5,6.0,19476877
Chitwan,2.79,katha,10169.55,10.0,3.0,3.0,2.5,25.0,21748887
Kathmandu,0.12,ropani,657.12,11.0,4.0,2.0,2.5,13.0,4994366
Chitwan,0.71,katha,2587.95,28.0,4.0,3.0,2.0,11.0,10531437
Bhaktapur,8.91,aana,3049.45,31.0,6.0,4.0,3.5,8.0,25790251
Kathmandu,7.84,aana,2683.24,17.0,4.0,2.0,2.5,7.0,24882493
Butwal,1.22,katha,4446.9,,4.0,3.0,,1.0,23300770
Butwal,0.95,katha,3462.75,6.0,3.0,2.0,2.0,24.0,11362881
Kathmandu,0.4,ropani,2190.4,11.0,1.0,1.0,1.0,13.0,10353469
Kathmandu,1980.0,sqft,1980.0,22.0,3.0,2.0,3.0,30.0,15156741
Pokhara,9.87,aana,3378.01,8.0,3.0,3.0,2.0,5.0,12918825
Lalitpur,6.22,aana,2128.8,8.0,4.0,3.0,2.5,18.0,11632612
Bhaktapur,6.25,aana,2139.06,14.0,4.0,3.0,3.0,22.0,13374451
Lalitpur,1.06,ropani,5804.56,8.0,5.0,4.0,2.0,1.0,32187358
Kathmandu,5.8,aana,1985.05,36.0,4.0,3.0,2.0,9.0,19655930
Pokhara,5.04,aana,1724.94,18.0,5.0,3.0,2.0,8.0,8999026
Lalitpur,3636.0,sqft,3636.0,27.0,2.0,1.0,1.5,5.0,21496817
Chitwan,1.25,katha,4556.25,14.0,4.0,2.0,2.5,13.0,19423626
Bhaktapur,2558.0,sqft,2558.0,35.0,7.0,5.0,4.0,11.0,17585163
Lalitpur,5.51,aana,1885.8,26.0,7.0,5.0,4.0,16.0,17009923
Lalitpur,16.43,aana,5623.17,33.0,2.0,2.0,1.5,9.0,38291323
Kathmandu,5.69,aana,1947.4,34.0,2.0,2.0,2.5,,21004857
Chitwan,1.22,katha,4446.9,9.0,4.0,3.0,2.5,9.0,21008851
Bhaktapur,3437.0,sqft,3437.0,20.0,4.0,3.0,3.0,11.0,27922891
Chitwan,11299.0,sqft,11299.0,8.0,6.0,4.0,3.5,7.0,36505086
Bhaktapur,2630.0,sqft,2630.0,27.0,3.0,3.0,2.0,9.0,18286980
Kathmandu,7608.0,sqft,7608.0,37.0,6.0,5.0,3.0,,294323522
Butwal,1.24,katha,4519.8,13.0,5.0,4.0,3.5,14.0,28210665
Bhaktapur,3073.0,sqft,3073.0,29.0,5.0,4.0,2.5,22.0,19880141
Lalitpur,10.03,aana,3432.77,17.0,5.0,3.0,2.5,20.0,25023524
Kathmandu,13.28,aana,4545.08,18.0,1.0,1.0,1.0,20.0,29737411
Butwal,5184.0,sqft,5184.0,8.0,6.0,5.0,3.0,9.0,29575493
Chitwan,1.6,katha,5832.0,6.0,3.0,3.0,2.5,16.0,23073844
Chitwan,40.15,dhur,7317.34,14.0,6.0,4.0,3.5,11.0,28261992
Lalitpur,3.49,aana,1194.45,15.0,4.0,3.0,2.5,7.0,10543267
Pokhara,14.17,aana,4849.68,32.0,4.0,3.0,3.0,24.0,27376638
Kathmandu,3.54,aana,1211.57,11.0,6.0,4.0,2.5,12.0,9664801
Chitwan,0.95,katha,3462.75,16.0,4.0,3.0,2.0,14.0,11060833
Pokhara,9.5,aana,3251.38,27.0,3.0,2.0,2.0,37.0,10247299
Kathmandu,10.96,aana,3751.06,39.0,6.0,5.0,3.0,19.0,37877823
Bhaktapur,8.06,aana,2758.54,34.0,4.0,3.0,3.0,11.0,22349248
Lalitpur,10.71,aana,3665.5,6.0,4.0,3.0,3.0,10.0,23856165
Lalitpur,0.56,ropani,3066.56,23.0,1.0,1.0,1.5,9.0,20167617
Kathmandu,1340.0,sqft,1340.0,26.0,4.0,3.0,2.0,4.0,12555176
Kathmandu,6.84,aana,2340.99,14.0,6.0,5.0,3.5,32.0,16237117
Kathmandu,914.0,sqft,914.0,22.0,3.0,2.0,2.0,7.0,10222826
Pokhara,0.56,ropani,3066.56,15.0,2.0,1.0,1.0,2.0,11801454
Bhaktapur,1786.0,sqft,1786.0,22.0,4.0,3.0,2.0,4.0,8250554
Pokhara,11.8,aana,4038.55,21.0,3.0,2.0,2.5,23.0,19187758
Kathmandu,0.3,ropani,1642.8,11.0,5.0,4.0,2.0,8.0,12732487
Kathmandu,4.25,aana,1454.56,,2.0,1.0,2.5,13.0,7878096
Lalitpur,5481.0,sqft,5481.0,37.0,2.0,2.0,2.0,28.0,34361022
Lalitpur,2086.0,sqft,2086.0,6.0,2.0,2.0,2.5,15.0,9552923
Kathmandu,0.63,ropani,3449.88,10.0,2.0,1.0,1.0,25.0,125640378
Lalitpur,0.57,ropani,3121.32,32.0,6.0,3.0,3.0,10.0,34065028
Bhaktapur,1467.0,sqft,1467.0,31.0,4.0,3.0,2.0,12.0,9927794
Bhaktapur,0.3,ropani,1642.8,25.0,1.0,1.0,1.0,2.0,7011915
Kathmandu,0.42,ropani,2299.92,16.0,4.0,4.0,2.5,6.0,24590927
Kathmandu,4.71,aana,1612.0,11.0,5.0,4.0,3.5,15.0,12122670
Kathmandu,1602.0,sqft,1602.0,35.0,3.0,3.0,1.5,19.0,12380979
Butwal,0.59,katha,2150.55,12.0,4.0,4.0,1.0,50.0,5945196
Bhaktapur,0.4,ropani,2190.4,19.0,4.0,3.0,2.5,7.0,12448701
Bhaktapur,6.19,aana,2118.53,27.0,6.0,4.0,3.5,12.0,16560156
Pokhara,1236.0,sqft,1236.0,7.0,3.0,2.0,2.0,3.0,6871012
Kathmandu,11.5,aana,3935.88,23.0,3.0,2.0,1.5,2.0,29732679
Bhaktapur,5.63,aana,1926.87,15.0,4.0,2.0,2.0,14.0,14731846
Butwal,0.75,katha,2733.75,18.0,4.0,4.0,2.5,14.0,12951389
Kathmandu,0.26,ropani,1423.76,11.0,7.0,4.0,3.0,4.0,13905218
Butwal,1.28,katha,4665.6,18.0,2.0,1.0,1.5,7.0,15853118
Bhaktapur,4.81,aana,1646.22,19.0,3.0,3.0,2.0,18.0,6534385
Lalitpur,3621.0,sqft,3621.0,6.0,4.0,4.0,2.0,18.0,19034863
Lalitpur,11.76,aana,4024.86,16.0,7.0,6.0,4.0,43.0,27956438
Bhaktapur,1.08,ropani,5914.08,6.0,5.0,4.0,3.0,9.0,33880711
Lalitpur,3670.0,sqft,3670.0,25.0,6.0,6.0,3.0,10.0,29353719
Lalitpur,6409.0,sqft,6409.0,16.0,4.0,3.0,2.5,18.0,41140445
Pokhara,12.15,aana,4158.34,21.0,6.0,5.0,2.5,18.0,19449136
Chitwan,2.47,katha,9003.15,11.0,2.0,1.0,1.5,5.0,14628222
Kathmandu,9.2,aana,3148.7,9.0,4.0,3.0,2.0,8.0,22644637
Bhaktapur,1531.0,sqft,1531.0,7.0,,3.0,3.0,20.0,8003757
Pokhara,8.62,aana,2950.19,24.0,1.0,1.0,1.0,28.0,9095006
Bhaktapur,10.99,aana,3761.33,7.0,5.0,4.0,3.5,5.0,24475410
Kathmandu,11.1,aana,3798.97,22.0,1.0,1.0,2.0,10.0,36227819
Butwal,1.48,katha,5394.6,7.0,1.0,1.0,1.0,7.0,10024902
Bhaktapur,7.64,aana,2614.79,19.0,4.0,4.0,2.5,8.0,22809901
Kathmandu,0.37,ropani,2026.12,13.0,5.0,4.0,3.5,12.0,14441958
Kathmandu,2647.0,sqft,2647.0,10.0,3.0,2.0,2.0,18.0,15741337
Lalitpur,5.0,aana,1711.25,19.0,4.0,3.0,2.0,6.0,12545904
Bhaktapur,10.44,aana,3573.09,15.0,4.0,3.0,2.5,17.0,23457852
Bhaktapur,1739.0,sqft,1739.0,36.0,3.0,2.0,3.0,7.0,13685639
Chitwan,3.25,katha,11846.25,8.0,2.0,2.0,1.0,21.0,16526452
Lalitpur,2.98,aana,1019.9,9.0,4.0,3.0,3.0,2.0,9562372
Kathmandu,3.21,aana,1098.62,14.0,5.0,4.0,3.0,7.0,12359499
Butwal,2.3,katha,8383.5,30.0,3.0,2.0,2.5,8.0,33128749
Pokhara,3758.0,sqft,3758.0,22.0,5.0,4.0,,4.0,19106475
Pokhara,2770.0,sqft,2770.0,6.0,2.0,1.0,2.0,24.0,10006243
Lalitpur,8.94,aana,3059.71,20.0,4.0,3.0,3.0,10.0,26348045
Butwal,3603.0,sqft,3603.0,8.0,3.0,3.0,2.0,15.0,13182917
Pokhara,4.21,aana,1440.87,13.0,4.0,3.0,3.0,4.0,9459334
Kathmandu,10.57,aana,3617.58,22.0,2.0,2.0,1.5,20.0,32620173
Kathmandu,17.21,aana,5890.12,15.0,,2.0,3.0,3.0,58929727
Kathmandu,5883.0,sqft,5883.0,18.0,3.0,3.0,1.5,15.0,39811723
Bhaktapur,3.75,aana,1283.44,22.0,1.0,2.0,1.0,10.0,6470935
Pokhara,4.59,aana,1570.93,,4.0,1.0,2.5,14.0,10228163
Butwal,3721.0,sqft,3721.0,11.0,5.0,4.0,2.0,3.0,14605024
Pokhara,4.59,aana,1570.93,6.0,5.0,3.0,3.0,21.0,7368683
Chitwan,1.78,katha,6488.1,25.0,4.0,2.0,2.0,11.0,23336744
Pokhara,2981.0,sqft,2981.0,25.0,6.0,3.0,3.5,12.0,25593465
Pokhara,10.87,aana,3720.26,9.0,3.0,,2.5,10.0,19409690
Bhaktapur,8.35,aana,2857.79,10.0,2.0,,2.0,6.0,13858098
Bhaktapur,8.25,aana,2823.56,25.0,4.0,2.0,1.5,7.0,14689550
Kathmandu,2992.0,sqft,2992.0,8.0,2.0,3.0,,18.0,15736491
Kathmandu,9.84,aana,3367.74,6.0,4.0,4.0,2.5,3.0,28314057
Chitwan,4896.0,sqft,4896.0,13.0,4.0,3.0,3.5,6.0,29949814
Pokhara,0.31,ropani,1697.56,7.0,3.0,3.0,2.0,26.0,6053755
Butwal,2.23,katha,8128.35,8.0,5.0,4.0,3.0,6.0,24095772
Pokhara,14.11,aana,4829.15,12.0,5.0,,3.0,5.0,27384550
Pokhara,6.93,aana,2371.79,26.0,2.0,2.0,1.0,25.0,8331196
Lalitpur,5544.0,sqft,5544.0,28.0,6.0,5.0,3.0,12.0,36454814
Chitwan,5950.0,sqft,5950.0,16.0,6.0,5.0,3.0,6.0,30350573
Kathmandu,3395.0,sqft,3395.0,6.0,4.0,4.0,2.0,20.0,23765485
Lalitpur,2.97,aana,1016.48,22.0,,1.0,1.0,7.0,7533090
Pokhara,3.73,aana,1276.59,21.0,3.0,1.0,2.0,6.0,6829259
Bhaktapur,4.02,aana,1375.84,24.0,2.0,1.0,1.0,11.0,6307638
Bhaktapur,4.25,aana,1454.56,28.0,4.0,4.0,2.0,23.0,8196237
Chitwan,1.09,katha,3973.05,24.0,4.0,4.0,3.0,15.0,21377776
Kathmandu,1.27,ropani,6954.52,14.0,3.0,2.0,3.0,14.0,60195492
Butwal,2.09,katha,7618.05,18.0,5.0,3.0,3.0,9.0,154078304
Kathmandu,1182.0,sqft,1182.0,35.0,1.0,1.0,2.0,10.0,10218475
Pokhara,1896.0,sqft,1896.0,18.0,7.0,5.0,3.5,28.0,13660879
Bhaktapur,12.01,aana,4110.42,16.0,5.0,4.0,3.0,15.0,22272205
Chitwan,1.92,katha,6998.4,13.0,3.0,2.0,3.0,2.0,34031975
Pokhara,12.68,aana,4339.73,12.0,4.0,4.0,3.0,10.0,24264958
Kathmandu,0.3,ropani,1642.8,20.0,4.0,3.0,3.0,15.0,11374664
Kathmandu,2.64,aana,903.54,8.0,4.0,3.0,2.0,20.0,5120309
Chitwan,1.39,katha,5066.55,10.0,4.0,3.0,2.0,6.0,16672268
Kathmandu,3.57,aana,1221.83,40.0,3.0,2.0,2.0,9.0,9608422
Lalitpur,1793.0,sqft,1793.0,7.0,7.0,5.0,3.0,12.0,16175715
Pokhara,6.57,aana,2248.58,15.0,4.0,3.0,2.5,3.0,12582102
Chitwan,2.4,katha,8748.0,24.0,6.0,5.0,3.0,7.0,34439703
Kathmandu,5.56,aana,1902.91,33.0,2.0,1.0,2.0,24.0,18727219
Kathmandu,25.73,aana,8806.09,,5.0,3.0,3.0,12.0,75045266
Butwal,6268.0,sqft,6268.0,21.0,6.0,4.0,3.5,18.0,29822264
Kathmandu,13.91,aana,4760.7,21.0,1.0,1.0,1.0,5.0,40306581
Chitwan,12.0,dhur,2187.0,9.0,3.0,2.0,2.0,10.0,7596255
Bhaktapur,31.03,aana,10620.02,15.0,5.0,3.0,2.5,24.0,34244784
Kathmandu,2306.0,sqft,2306.0,21.0,4.0,3.0,2.0,1.0,16592349
Lalitpur,14.47,aana,4952.36,21.0,5.0,4.0,3.5,6.0,38194709
Kathmandu,0.81,ropani,4435.56,11.0,4.0,3.0,2.5,15.0,26069161
Butwal,8673.0,sqft,8673.0,20.0,4.0,3.0,2.5,11.0,33080086
Lalitpur,4113.0,sqft,4113.0,19.0,4.0,1.0,3.0,29.0,22846469
Lalitpur,7.41,aana,2536.07,11.0,4.0,2.0,2.0,5.0,14755312
Kathmandu,0.45,ropani,2464.2,16.0,6.0,5.0,3.0,1.0,32012749
Chitwan,3.71,katha,13522.95,11.0,4.0,3.0,2.0,21.0,30262459
Bhaktapur,41.99,aana,14371.08,30.0,1.0,1.0,1.5,5.0,56348508
Kathmandu,4037.0,sqft,4037.0,10.0,2.0,2.0,2.0,8.0,30331834
Butwal,2867.0,sqft,2867.0,24.0,6.0,4.0,3.5,50.0,8517957
Lalitpur,3.59,aana,1228.68,8.0,2.0,1.0,1.0,20.0,6747779
Kathmandu,14.55,aana,4979.74,13.0,3.0,2.0,3.0,10.0,49925855
Chitwan,4312.0,sqft,4312.0,20.0,4.0,4.0,2.5,23.0,16442355
Butwal,25.63,dhur,4671.07,8.0,4.0,3.0,3.0,22.0,18829825
Butwal,6801.0,sqft,6801.0,12.0,1.0,1.0,1.0,13.0,17519277
Chitwan,19910.0,sqft,19910.0,26.0,3.0,2.0,1.5,15.0,33773488
Kathmandu,6.23,aana,2132.22,7.0,4.0,3.0,2.0,8.0,12691360
Kathmandu,0.18,ropani,985.68,29.0,1.0,1.0,2.5,22.0,8849289
Chitwan,1.75,katha,6378.75,21.0,5.0,5.0,2.5,12.0,24714899
Kathmandu,2805.0,sqft,2805.0,6.0,2.0,1.0,1.5,3.0,17553745
Bhaktapur,4178.0,sqft,4178.0,12.0,6.0,5.0,3.0,,18360880
Bhaktapur,1948.0,sqft,1948.0,10.0,4.0,4.0,2.5,11.0,12541756
Lalitpur,10.54,aana,3607.31,,,3.0,2.5,18.0,22217093
Kathmandu,3.3,aana,1129.42,19.0,4.0,4.0,3.0,24.0,9060898
Butwal,18.34,dhur,3342.47,12.0,3.0,2.0,2.5,8.0,14370745
Bhaktapur,8.56,aana,2929.66,19.0,3.0,3.0,1.0,4.0,15495731
Lalitpur,0.74,ropani,4052.24,23.0,3.0,2.0,3.0,1.0,47357171
Kathmandu,3197.0,sqft,3197.0,37.0,,2.0,2.5,10.0,31167665
Lalitpur,3.25,aana,1112.31,31.0,4.0,3.0,2.0,5.0,7691965
Lalitpur,7.51,aana,2570.3,12.0,2.0,1.0,2.0,9.0,16656804
Kathmandu,8269.0,sqft,8269.0,19.0,1.0,1.0,2.5,22.0,61562582
Pokhara,1.04,ropani,5695.04,21.0,4.0,3.0,2.0,12.0,27277997
Pokhara,9.73,aana,3330.09,9.0,2.0,2.0,1.5,4.0,14663625
Kathmandu,9.01,aana,3083.67,20.0,4.0,3.0,2.5,14.0,28965392
Bhaktapur,4.22,aana,1444.29,27.0,5.0,3.0,2.5,33.0,8269257
Bhaktapur,13.17,aana,4507.43,19.0,5.0,3.0,2.5,2.0,30753673
Chitwan,3483.0,sqft,3483.0,22.0,2.0,2.0,2.0,19.0,15014807
Pokhara,2722.0,sqft,2722.0,12.0,6.0,5.0,3.0,11.0,14667207
Chitwan,0.75,katha,2733.75,39.0,6.0,4.0,2.5,10.0,12141178
Butwal,3.09,katha,11263.05,30.0,5.0,3.0,3.5,10.0,41636214
Lalitpur,1331.0,sqft,1331.0,14.0,2.0,1.0,2.0,3.0,11027674
Chitwan,28.67,dhur,5225.11,15.0,4.0,4.0,2.0,20.0,16478325
Kathmandu,10.41,aana,3562.82,17.0,6.0,3.0,2.5,16.0,33436278
Kathmandu,7.16,aana,2450.51,9.0,2.0,3.0,2.5,22.0,18144530
Lalitpur,6.08,aana,2080.88,36.0,1.0,1.0,1.0,25.0,11116070
Butwal,26.17,dhur,4769.48,35.0,4.0,3.0,2.5,0.0,24932229
Bhaktapur,1535.0,sqft,1535.0,24.0,4.0,2.0,2.0,18.0,7429602
Pokhara,0.29,ropani,1588.04,,6.0,4.0,,3.0,10276949
Kathmandu,11.83,aana,4048.82,11.0,8.0,7.0,4.0,13.0,39128426
Bhaktapur,4.98,aana,1704.41,8.0,4.0,3.0,3.0,4.0,13137047
Kathmandu,4.95,aana,1694.14,15.0,4.0,3.0,2.5,4.0,14866170
Kathmandu,0.79,ropani,4326.04,8.0,3.0,2.0,2.5,13.0,148050837
Kathmandu,0.53,ropani,2902.28,18.0,6.0,4.0,3.0,25.0,22365437
Kathmandu,3.83,aana,1310.82,21.0,4.0,4.0,2.5,21.0,10280226
Lalitpur,5.01,aana,1714.67,14.0,4.0,3.0,2.5,0.0,13138210
Lalitpur,16.44,aana,5626.59,16.0,8.0,7.0,4.0,16.0,44390781
Pokhara,6.22,aana,2128.8,12.0,6.0,4.0,3.0,14.0,16280661
Butwal,1.54,katha,5613.3,13.0,3.0,2.0,2.5,15.0,17194388
Kathmandu,984.0,sqft,984.0,15.0,3.0,2.0,1.0,,5663267
Pokhara,3007.0,sqft,3007.0,22.0,6.0,,3.0,10.0,17985542
Kathmandu,10.53,aana,3603.89,29.0,4.0,3.0,2.0,17.0,27788879
Bhaktapur,6.32,aana,2163.02,7.0,5.0,4.0,2.5,50.0,9628120
Lalitpur,4684.0,sqft,4684.0,17.0,2.0,2.0,2.0,2.0,31308453
Butwal,0.54,katha,1968.3,45.0,3.0,3.0,1.0,9.0,4691824
Kathmandu,2418.0,sqft,2418.0,11.0,4.0,3.0,3.5,45.0,14900419
Butwal,1.41,katha,5139.45,25.0,4.0,3.0,2.0,12.0,20058896
Kathmandu,0.43,ropani,2354.68,11.0,4.0,4.0,3.0,15.0,18098033
Lalitpur,2793.0,sqft,2793.0,15.0,4.0,4.0,3.0,8.0,23279487
Pokhara,0.68,ropani,3723.68,6.0,1.0,1.0,1.0,19.0,10482736
Butwal,23.44,dhur,4271.94,25.0,3.0,3.0,2.0,19.0,14145668
Lalitpur,1341.0,sqft,1341.0,32.0,1.0,1.0,1.0,27.0,6741224
Bhaktapur,1799.0,sqft,1799.0,13.0,4.0,4.0,3.0,2.0,17728944
Butwal,3.07,katha,11190.15,12.0,5.0,3.0,2.5,5.0,36117924
Lalitpur,16.12,aana,5517.07,29.0,3.0,2.0,1.0,20.0,27771024
Kathmandu,11.22,aana,3840.05,21.0,1.0,1.0,1.0,23.0,21103404
Kathmandu,6.01,aana,2056.92,17.0,2.0,1.0,2.0,4.0,16309954
Pokhara,21.44,aana,7337.84,23.0,4.0,3.0,2.0,10.0,33329855
Kathmandu,12.57,aana,4302.08,,6.0,4.0,2.5,15.0,33166240
Kathmandu,6.73,aana,2303.34,6.0,6.0,4.0,3.5,36.0,13389474
Kathmandu,2323.0,sqft,2323.0,24.0,3.0,3.0,3.0,15.0,17119324
Lalitpur,16.33,aana,5588.94,17.0,3.0,2.0,2.0,10.0,32799202
Kathmandu,3080.0,sqft,3080.0,33.0,3.0,3.0,2.0,36.0,22487857
Kathmandu,4.36,aana,1492.21,21.0,3.0,2.0,1.0,8.0,9392603
Kathmandu,11.71,aana,4007.75,20.0,2.0,2.0,1.5,6.0,30960991
Pokhara,16.21,aana,5547.87,26.0,8.0,5.0,3.5,20.0,31006384
Pokhara,9.61,aana,3289.02,19.0,6.0,5.0,3.5,34.0,11665828
Lalitpur,1504.0,sqft,1504.0,31.0,,3.0,2.0,5.0,12932067
Butwal,8361.0,sqft,8361.0,13.0,4.0,4.0,2.5,6.0,38830854
Pokhara,10.11,aana,3460.15,17.0,3.0,1.0,2.0,13.0,18130042
Butwal,8899.0,sqft,8899.0,21.0,4.0,3.0,2.5,1.0,41817770
Kathmandu,9.29,aana,3179.5,20.0,4.0,2.0,3.0,13.0,25489772
Lalitpur,22.67,aana,7758.81,26.0,7.0,7.0,4.0,3.0,72077479
Bhaktapur,3576.0,sqft,3576.0,24.0,2.0,,1.5,6.0,23422310
Pokhara,0.64,ropani,3504.64,28.0,6.0,4.0,3.5,9.0,24309090
Chitwan,2.28,katha,8310.6,8.0,5.0,4.0,3.0,4.0,32658100
Kathmandu,0.51,ropani,2792.76,45.0,2.0,2.0,2.0,16.0,30402370
Kathmandu,6.21,aana,2125.37,38.0,4.0,2.0,2.0,5.0,21878322
Lalitpur,7.43,aana,2542.92,29.0,3.0,,1.0,11.0,17682637
Pokhara,15.69,aana,5369.9,7.0,4.0,2.0,2.5,13.0,22084947
Bhaktapur,0.88,ropani,4818.88,7.0,6.0,4.0,2.5,12.0,25289645
Chitwan,0.73,katha,2660.85,6.0,4.0,2.0,2.0,21.0,7299409
Kathmandu,8.44,aana,2888.59,34.0,4.0,2.0,2.0,18.0,7673668
Pokhara,3405.0,sqft,3405.0,11.0,4.0,3.0,2.5,9.0,18204435
Butwal,0.81,katha,2952.45,23.0,3.0,1.0,1.0,0.0,6910210
Kathmandu,9.8,aana,3354.05,17.0,5.0,3.0,2.0,3.0,31162536
Kathmandu,3829.0,sqft,3829.0,26.0,5.0,3.0,2.5,8.0,31960700
Pokhara,1272.0,sqft,1272.0,38.0,3.0,3.0,3.0,12.0,7539790
Kathmandu,4.83,aana,1653.07,16.0,4.0,4.0,2.5,33.0,9885507
Lalitpur,10.26,aana,3511.49,29.0,5.0,4.0,4.0,26.0,35439665
Kathmandu,6.26,aana,2142.49,18.0,4.0,2.0,,8.0,21276091
Lalitpur,0.45,ropani,2464.2,8.0,4.0,3.0,2.0,25.0,13586836
Chitwan,22.62,dhur,4122.49,20.0,4.0,2.0,2.5,14.0,15563330
Butwal,0.84,katha,3061.8,20.0,1.0,1.0,1.0,46.0,6552407
Lalitpur,9.78,aana,3347.2,14.0,3.0,3.0,2.5,3.0,32209374
Butwal,1.64,katha,5977.8,23.0,6.0,5.0,3.0,33.0,18789620
Kathmandu,2231.0,sqft,2231.0,18.0,3.0,2.0,2.5,36.0,17287896
Pokhara,9.77,aana,3343.78,17.0,4.0,4.0,1.5,5.0,17381280
Kathmandu,12.87,aana,4404.76,12.0,4.0,3.0,3.5,4.0,44542280
Chitwan,0.79,katha,2879.55,14.0,1.0,1.0,2.0,6.0,10576631
Bhaktapur,19.61,aana,6711.52,8.0,4.0,3.0,2.5,5.0,35093591
Chitwan,0.88,katha,3207.6,13.0,3.0,1.0,2.0,6.0,12147812
Lalitpur,12.79,aana,4377.38,12.0,3.0,1.0,2.0,19.0,33294249
Kathmandu,1839.0,sqft,1839.0,13.0,7.0,5.0,4.0,1.0,19362676
Bhaktapur,1.05,ropani,5749.8,21.0,3.0,3.0,2.0,11.0,31645478
Kathmandu,3.19,aana,1091.78,27.0,1.0,1.0,1.5,20.0,6442216
Chitwan,1.0,katha,3645.0,8.0,4.0,3.0,2.5,14.0,16869160
Lalitpur,2728.0,sqft,2728.0,14.0,3.0,1.0,2.5,16.0,21909811
Kathmandu,6479.0,sqft,6479.0,32.0,4.0,3.0,2.5,10.0,53513515
Kathmandu,4.74,aana,1622.27,9.0,5.0,3.0,3.0,1.0,15144136
Lalitpur,2280.0,sqft,2280.0,21.0,4.0,4.0,2.5,11.0,16463969
Pokhara,14.55,aana,4979.74,21.0,5.0,3.0,3.0,8.0,43627293
Pokhara,16.1,aana,5510.23,29.0,5.0,4.0,3.0,9.0,37849766
Chitwan,1995.0,sqft,1995.0,10.0,5.0,4.0,,26.0,8318836
Kathmandu,3.94,aana,1348.46,36.0,3.0,,2.5,8.0,16894022
Lalitpur,3622.0,sqft,3622.0,8.0,4.0,3.0,2.5,4.0,27024397
Lalitpur,1.22,ropani,6680.72,30.0,4.0,3.0,1.5,9.0,40557753
Butwal,6648.0,sqft,6648.0,16.0,4.0,3.0,3.0,26.0,21448918
Chitwan,28.87,dhur,5261.56,30.0,6.0,5.0,3.5,17.0,28187575
Kathmandu,0.14,ropani,766.64,26.0,4.0,2.0,2.5,4.0,6692084
Bhaktapur,0.83,ropani,4545.08,7.0,2.0,1.0,2.0,15.0,20692703
Bhaktapur,8.7,aana,2977.57,17.0,5.0,3.0,2.5,6.0,15051663
Butwal,0.94,katha,3426.3,9.0,5.0,3.0,2.5,2.0,15800299
Kathmandu,0.46,ropani,2518.96,8.0,4.0,3.0,3.0,1.0,23516867
Lalitpur,6.35,aana,2173.29,12.0,6.0,4.0,3.0,11.0,17147528
Pokhara,4629.0,sqft,4629.0,27.0,4.0,3.0,2.5,7.0,33189690
Kathmandu,2040.0,sqft,2040.0,13.0,3.0,2.0,2.5,5.0,18579279
Kathmandu,10.74,aana,3675.76,12.0,1.0,1.0,1.0,7.0,24251958
Bhaktapur,5.33,aana,1824.19,14.0,3.0,1.0,2.5,11.0,12540911
Kathmandu,4644.0,sqft,4644.0,12.0,5.0,3.0,2.5,2.0,44455194
Kathmandu,10.69,aana,3658.65,23.0,4.0,3.0,2.5,18.0,30816946
Lalitpur,18.63,aana,6376.12,14.0,4.0,3.0,2.0,8.0,30424892
Kathmandu,2069.0,sqft,2069.0,23.0,5.0,4.0,3.0,4.0,20828803
Pokhara,8.07,aana,2761.96,8.0,4.0,4.0,3.0,4.0,14902984
Lalitpur,3.03,aana,1037.02,11.0,2.0,1.0,1.5,14.0,4734129
Bhaktapur,2081.0,sqft,2081.0,12.0,3.0,2.0,2.0,1.0,12175607
Bhaktapur,4.72,aana,1615.42,15.0,7.0,5.0,4.0,10.0,16770295
Kathmandu,4.01,aana,1372.42,12.0,5.0,2.0,2.5,12.0,12586283
Pokhara,7.64,aana,2614.79,22.0,8.0,6.0,4.0,13.0,18243897
Lalitpur,0.96,ropani,5256.96,23.0,3.0,2.0,2.0,31.0,40054130
Lalitpur,4139.0,sqft,4139.0,25.0,4.0,2.0,2.0,5.0,32150154
Kathmandu,4.68,aana,1601.73,27.0,7.0,5.0,4.0,11.0,19330887
Kathmandu,7.79,aana,2666.13,7.0,2.0,2.0,1.0,8.0,11352362
Kathmandu,5.51,aana,1885.8,10.0,4.0,3.0,2.0,5.0,14243589
Butwal,4642.0,sqft,4642.0,42.0,1.0,1.0,2.0,6.0,21713333
Kathmandu,10.69,aana,3658.65,23.0,4.0,3.0,2.5,18.0,34336687
Butwal,0.98,katha,3572.1,11.0,6.0,4.0,3.0,19.0,13891170
Chitwan,0.64,katha,2332.8,35.0,5.0,4.0,2.5,8.0,12736752
Kathmandu,6.11,aana,2091.15,23.0,4.0,2.0,2.5,,23095312
Pokhara,5.38,aana,1841.31,11.0,5.0,4.0,2.5,25.0,9079620
Pokhara,10.0,aana,3422.5,10.0,4.0,3.0,3.0,13.0,20734287
Lalitpur,14.0,aana,4791.5,13.0,,2.0,1.0,9.0,22513376
Kathmandu,4.94,aana,1690.72,15.0,7.0,5.0,4.0,11.0,16897829
Bhaktapur,11.89,aana,4069.35,27.0,3.0,3.0,2.0,30.0,18579596
Chitwan,0.66,katha,2405.7,6.0,3.0,2.0,2.0,2.0,7192779
Kathmandu,0.39,ropani,2135.64,14.0,5.0,3.0,3.5,9.0,22049613
Kathmandu,0.19,ropani,1040.44,13.0,6.0,5.0,3.0,24.0,5789509
Chitwan,0.69,katha,2515.05,21.0,6.0,5.0,3.5,8.0,12016278
Pokhara,3.29,aana,1126.0,17.0,3.0,2.0,1.5,12.0,4426043
Bhaktapur,0.73,ropani,3997.48,12.0,3.0,2.0,2.5,17.0,18177515
Lalitpur,2901.0,sqft,2901.0,15.0,5.0,3.0,3.0,2.0,26821918
Butwal,4645.0,sqft,4645.0,17.0,4.0,3.0,2.5,14.0,18338137
Butwal,3272.0,sqft,3272.0,,4.0,4.0,3.0,10.0,12617667
Pokhara,8.82,aana,3018.64,12.0,5.0,3.0,2.0,2.0,15498825
Kathmandu,5.06,aana,1731.78,33.0,4.0,2.0,2.0,7.0,16158171
Pokhara,7.56,aana,2587.41,25.0,4.0,4.0,2.0,19.0,10548056
Pokhara,0.42,ropani,2299.92,32.0,4.0,3.0,2.5,9.0,16509801
Pokhara,17.67,aana,6047.56,30.0,1.0,1.0,2.0,13.0,27397573
Kathmandu,3.89,aana,1331.35,25.0,5.0,4.0,2.5,26.0,8711517
Lalitpur,1621.0,sqft,1621.0,28.0,5.0,4.0,2.5,6.0,10832081
Kathmandu,11.78,aana,4031.7,19.0,5.0,3.0,3.0,2.0,39197864
Butwal,0.71,katha,2587.95,10.0,3.0,2.0,3.0,8.0,12088237
Butwal,1.32,katha,4811.4,19.0,5.0,5.0,2.5,19.0,15797906
Bhaktapur,6.4,aana,2190.4,24.0,3.0,2.0,2.0,6.0,14345107
Kathmandu,0.88,ropani,4818.88,10.0,4.0,2.0,2.0,12.0,38670936
Kathmandu,18.45,aana,6314.51,20.0,2.0,3.0,2.5,5.0,58929354
Chitwan,1.71,katha,6232.95,9.0,4.0,4.0,3.5,0.0,35197962
Kathmandu,3332.0,sqft,3332.0,16.0,2.0,1.0,2.0,,21538902
Bhaktapur,0.22,ropani,1204.72,21.0,4.0,4.0,2.0,11.0,7924315
Chitwan,1.36,katha,4957.2,9.0,5.0,3.0,3.0,16.0,24708978
Butwal,34.3,dhur,6251.17,36.0,5.0,3.0,3.5,11.0,27916807
Pokhara,2563.0,sqft,2563.0,19.0,4.0,3.0,2.5,13.0,13211319
Lalitpur,6.95,aana,2378.64,10.0,3.0,3.0,2.0,14.0,19896558
Pokhara,1056.0,sqft,1056.0,14.0,5.0,4.0,2.5,22.0,4815837
Pokhara,6.88,aana,2354.68,19.0,4.0,3.0,3.0,7.0,11291533
Bhaktapur,3416.0,sqft,3416.0,24.0,5.0,3.0,3.0,18.0,22187572
Kathmandu,11.89,aana,4069.35,39.0,3.0,3.0,2.5,10.0,37459106
Butwal,1.13,katha,4118.85,10.0,1.0,1.0,1.0,8.0,10601761
Kathmandu,19.21,aana,6574.62,23.0,6.0,5.0,3.5,,64787031
Pokhara,6733.0,sqft,6733.0,20.0,5.0,4.0,3.0,11.0,33928857
Butwal,6025.0,sqft,6025.0,20.0,4.0,3.0,3.0,13.0,31162067
Lalitpur,9.93,aana,3398.54,15.0,4.0,4.0,3.0,14.0,21028870
Bhaktapur,6.75,aana,2310.19,,6.0,4.0,3.0,3.0,17197669
Kathmandu,1387.0,sqft,1387.0,14.0,4.0,4.0,1.5,7.0,10983646
Kathmandu,4150.0,sqft,4150.0,11.0,3.0,2.0,2.0,16.0,24245237
Pokhara,8.49,aana,2905.7,15.0,5.0,3.0,3.5,2.0,21903336
Chitwan,1.39,katha,5066.55,12.0,4.0,3.0,2.5,5.0,23229290
Pokhara,5506.0,sqft,5506.0,21.0,1.0,1.0,1.0,7.0,20529394
Lalitpur,13.43,aana,4596.42,11.0,2.0,2.0,2.5,6.0,30430625
Kathmandu,13.02,aana,4456.1,6.0,4.0,4.0,3.0,50.0,20981378
Kathmandu,0.33,ropani,1807.08,10.0,4.0,2.0,2.5,6.0,12584933
Kathmandu,2.9,aana,992.52,27.0,6.0,4.0,4.0,17.0,42046767
Pokhara,16.46,aana,5633.44,23.0,3.0,2.0,1.0,29.0,16038785
Lalitpur,15.09,aana,5164.55,14.0,3.0,2.0,2.5,32.0,25919406
Lalitpur,1.09,ropani,5968.84,23.0,3.0,2.0,1.0,50.0,30222240
Chitwan,38.9,dhur,7089.52,45.0,4.0,3.0,3.0,4.0,34697429
Lalitpur,17.55,aana,6006.49,18.0,5.0,3.0,3.5,7.0,49644862
Lalitpur,1.72,aana,588.67,15.0,5.0,2.0,2.0,5.0,3740268
Bhaktapur,3202.0,sqft,3202.0,26.0,4.0,4.0,2.0,2.0,22264266
Kathmandu,21.91,aana,7498.7,27.0,4.0,3.0,3.0,5.0,90332171
Butwal,2.02,katha,7362.9,9.0,1.0,1.0,1.5,13.0,16729995
Bhaktapur,0.38,ropani,2080.88,12.0,3.0,2.0,1.5,6.0,11431027
Butwal,1.86,katha,6779.7,15.0,5.0,3.0,2.5,4.0,31071340
Chitwan,8326.0,sqft,8326.0,30.0,4.0,3.0,3.5,4.0,38948101
Pokhara,2082.0,sqft,2082.0,13.0,5.0,5.0,2.0,2.0,10484441
Pokhara,4246.0,sqft,4246.0,30.0,2.0,2.0,2.0,14.0,28799465
Butwal,0.72,katha,2624.4,21.0,1.0,2.0,1.0,15.0,7002741
Bhaktapur,5.23,aana,1789.97,16.0,7.0,5.0,4.0,4.0,15201346
Kathmandu,4.36,aana,1492.21,18.0,5.0,3.0,2.5,2.0,14998641
Kathmandu,4.34,aana,1485.37,12.0,3.0,1.0,2.0,11.0,13573337
Kathmandu,17.27,aana,5910.66,15.0,3.0,,2.0,14.0,35973487
Bhaktapur,3.3,aana,1129.42,20.0,3.0,3.0,1.5,9.0,5676920
Kathmandu,0.35,ropani,1916.6,11.0,4.0,4.0,2.0,8.0,15093727
Butwal,18.23,dhur,3322.42,14.0,3.0,2.0,1.5,17.0,8691698
Kathmandu,2725.0,sqft,2725.0,13.0,7.0,6.0,3.5,30.0,20096823
Butwal,34.73,dhur,6329.54,21.0,3.0,2.0,2.5,9.0,24064374
Bhaktapur,10.87,aana,3720.26,31.0,3.0,2.0,2.0,26.0,22221587
Bhaktapur,2247.0,sqft,2247.0,18.0,4.0,4.0,2.5,14.0,11641722
Bhaktapur,19.77,aana,6766.28,19.0,5.0,4.0,3.0,6.0,36009423
Lalitpur,1958.0,sqft,1958.0,25.0,6.0,5.0,3.5,16.0,14461159
Lalitpur,18.44,aana,6311.09,,3.0,3.0,2.5,10.0,55078243
Butwal,3034.0,sqft,3034.0,11.0,2.0,2.0,2.0,19.0,11485083
Lalitpur,3.26,aana,1115.73,6.0,1.0,1.0,1.0,19.0,4099814
Kathmandu,5.85,aana,2002.16,18.0,4.0,4.0,2.0,23.0,14791859
Butwal,0.95,katha,3462.75,11.0,5.0,4.0,2.5,11.0,13196590
Kathmandu,7.2,aana,2464.2,23.0,3.0,2.0,2.5,10.0,17340183
Chitwan,1.22,katha,4446.9,16.0,5.0,4.0,3.0,4.0,22488969
Pokhara,13.64,aana,4668.29,19.0,4.0,3.0,2.5,12.0,24658377
Lalitpur,4.14,aana,1416.91,28.0,2.0,1.0,2.0,13.0,10697972
Lalitpur,6.43,aana,2200.67,13.0,5.0,4.0,3.0,3.0,21665764
Butwal,38.73,dhur,7058.54,21.0,1.0,1.0,1.5,7.0,18027692
Lalitpur,5.62,aana,1923.44,26.0,7.0,4.0,3.0,10.0,17182548
Butwal,1.5,katha,5467.5,16.0,4.0,3.0,2.5,46.0,15045988
Kathmandu,7.27,aana,2488.16,14.0,4.0,2.0,2.0,12.0,18934856
Lalitpur,2520.0,sqft,2520.0,18.0,5.0,5.0,2.5,15.0,21521557
Kathmandu,1099.0,sqft,1099.0,13.0,5.0,3.0,2.5,2.0,9146194
Kathmandu,2463.0,sqft,2463.0,16.0,3.0,2.0,3.0,16.0,23987938
Lalitpur,7.37,aana,2522.38,6.0,4.0,2.0,2.0,8.0,14586193
Pokhara,1443.0,sqft,1443.0,29.0,5.0,4.0,3.0,12.0,9171086
Kathmandu,758.0,sqft,758.0,17.0,4.0,3.0,2.5,25.0,6737113
Butwal,29.4,dhur,5358.15,35.0,4.0,3.0,3.0,10.0,21822666
Bhaktapur,9.88,aana,3381.43,17.0,2.0,2.0,1.0,5.0,19607069
Lalitpur,5.06,aana,1731.78,18.0,5.0,4.0,,4.0,14270828
Butwal,1.27,katha,4629.15,11.0,2.0,2.0,2.0,9.0,16183949
Kathmandu,5.05,aana,1728.36,12.0,5.0,4.0,3.0,11.0,17867747
Chitwan,0.49,katha,1786.05,,6.0,5.0,2.5,24.0,6949308
Kathmandu,0.76,ropani,4161.76,17.0,2.0,1.0,1.0,14.0,28321411
Pokhara,2164.0,sqft,2164.0,20.0,5.0,3.0,2.0,11.0,9323017
Lalitpur,3.99,aana,1365.58,16.0,5.0,2.0,3.0,7.0,11624869
Pokhara,2582.0,sqft,2582.0,24.0,5.0,3.0,2.5,15.0,14612585
Kathmandu,1938.0,sqft,1938.0,20.0,3.0,3.0,2.5,8.0,17216536
Lalitpur,14.62,aana,5003.69,30.0,7.0,5.0,2.5,13.0,36273631
Chitwan,2.5,katha,9112.5,28.0,4.0,1.0,3.0,10.0,26806791
Lalitpur,7.37,aana,2522.38,37.0,4.0,4.0,2.5,12.0,18074057
Kathmandu,12.04,aana,4120.69,9.0,4.0,2.0,2.5,10.0,29459079
Chitwan,3.6,katha,13122.0,,3.0,1.0,3.0,18.0,34444902
Pokhara,7.63,aana,2611.37,16.0,4.0,3.0,2.5,13.0,11780333
Kathmandu,2110.0,sqft,2110.0,12.0,3.0,3.0,2.0,11.0,13307371
Bhaktapur,4272.0,sqft,4272.0,,6.0,4.0,3.0,24.0,29560961
Kathmandu,7.17,aana,2453.93,34.0,4.0,3.0,2.5,7.0,20191889
Kathmandu,8.67,aana,2967.31,38.0,4.0,3.0,3.0,11.0,35772669
Kathmandu,1588.0,sqft,1588.0,26.0,4.0,4.0,2.0,8.0,12089084
Chitwan,4485.0,sqft,4485.0,12.0,4.0,,3.0,6.0,20405544
Bhaktapur,13.64,aana,4668.29,20.0,7.0,4.0,4.0,8.0,34466300
Kathmandu,1168.0,sqft,1168.0,17.0,4.0,3.0,2.0,11.0,9887614
Bhaktapur,0.69,ropani,3778.44,23.0,4.0,3.0,3.0,2.0,31318311
Lalitpur,7.18,aana,2457.36,14.0,4.0,4.0,3.0,18.0,17037929
Lalitpur,2784.0,sqft,2784.0,15.0,5.0,3.0,3.5,17.0,24409893
Kathmandu,3.15,aana,1078.09,9.0,8.0,5.0,4.0,4.0,9773972
Bhaktapur,18.91,aana,6471.95,13.0,5.0,3.0,2.5,23.0,33829730
Lalitpur,18.57,aana,6355.58,23.0,3.0,3.0,2.5,15.0,43986775
Lalitpur,6.92,aana,2368.37,8.0,5.0,4.0,3.5,13.0,21611559
Bhaktapur,0.43,ropani,2354.68,39.0,5.0,4.0,3.0,24.0,18297838
Lalitpur,11.23,aana,3843.47,13.0,2.0,1.0,1.0,18.0,23639750
Lalitpur,20.78,aana,7111.96,11.0,3.0,3.0,3.0,12.0,37281066
Kathmandu,10.01,aana,3425.92,14.0,5.0,4.0,2.5,6.0,24451211
Kathmandu,6.02,aana,2060.34,13.0,3.0,2.0,1.5,7.0,14609955
Chitwan,34.06,dhur,6207.44,33.0,5.0,4.0,3.5,9.0,30328849
Kathmandu,2436.0,sqft,2436.0,,3.0,3.0,3.0,10.0,18826731
Kathmandu,4491.0,sqft,4491.0,8.0,6.0,5.0,3.5,4.0,50493307
Lalitpur,4.05,aana,1386.11,13.0,6.0,5.0,3.0,12.0,10031415
Bhaktapur,0.53,ropani,2902.28,6.0,3.0,3.0,1.5,,12666589
Kathmandu,16.76,aana,5736.11,10.0,6.0,4.0,3.0,18.0,31958876
Chitwan,1090.0,sqft,1090.0,19.0,3.0,2.0,2.5,24.0,4491387
Butwal,2319.0,sqft,2319.0,15.0,5.0,4.0,2.5,16.0,12255841
Butwal,15065.0,sqft,15065.0,9.0,2.0,2.0,2.0,9.0,119572412
Bhaktapur,2015.0,sqft,2015.0,13.0,1.0,1.0,1.0,14.0,8068037
Lalitpur,7.12,aana,2436.82,16.0,3.0,2.0,1.5,5.0,17666042
Lalitpur,14.38,aana,4921.56,10.0,6.0,3.0,3.5,14.0,26317205
Bhaktapur,1437.0,sqft,1437.0,24.0,3.0,3.0,2.0,10.0,1540984
Pokhara,10.41,aana,3562.82,45.0,3.0,2.0,1.5,19.0,15687912
Pokhara,12.5,aana,4278.12,13.0,6.0,5.0,3.5,12.0,29420316
Kathmandu,6.5,aana,2224.62,22.0,3.0,1.0,2.0,9.0,22811242
Pokhara,2933.0,sqft,2933.0,15.0,3.0,2.0,1.0,14.0,10882649
Lalitpur,1962.0,sqft,1962.0,21.0,5.0,5.0,3.0,6.0,19660775
Lalitpur,10.59,aana,3624.43,6.0,5.0,3.0,3.0,22.0,20859901
Butwal,2136.0,sqft,2136.0,13.0,5.0,4.0,2.5,6.0,11874943
Lalitpur,12.43,aana,4254.17,13.0,1.0,1.0,1.0,16.0,18318713
Kathmandu,0.34,ropani,1861.84,16.0,3.0,2.0,1.0,11.0,11467535
Bhaktapur,2777.0,sqft,2777.0,23.0,3.0,2.0,3.5,15.0,20311333
Pokhara,16.06,aana,5496.53,8.0,8.0,6.0,3.5,8.0,31482439
Kathmandu,4.97,aana,1700.98,29.0,3.0,3.0,1.0,12.0,11650551
Butwal,1966.0,sqft,1966.0,36.0,4.0,3.0,2.5,9.0,8966307
Kathmandu,3.73,aana,1276.59,13.0,4.0,3.0,2.0,8.0,12581030
Chitwan,2.56,katha,9331.2,16.0,3.0,2.0,2.0,21.0,22022570
Bhaktapur,11.5,aana,3935.88,10.0,4.0,3.0,2.0,7.0,21755990
Kathmandu,0.45,ropani,2464.2,18.0,2.0,2.0,1.5,11.0,18374636
Kathmandu,2.24,aana,766.64,22.0,6.0,4.0,3.0,20.0,6366863
Butwal,0.88,katha,3207.6,20.0,5.0,4.0,3.0,8.0,17924692
Pokhara,7.61,aana,2604.52,22.0,5.0,5.0,3.0,,17132884
Butwal,3.42,katha,12465.9,29.0,4.0,3.0,2.5,2.0,30378861
Pokhara,1889.0,sqft,1889.0,17.0,2.0,1.0,1.0,6.0,8028816
Kathmandu,2423.0,sqft,2423.0,19.0,3.0,2.0,2.5,9.0,21702803
Chitwan,0.97,katha,3535.65,30.0,4.0,2.0,2.5,9.0,16505534
Bhaktapur,6.28,aana,2149.33,15.0,4.0,3.0,3.0,15.0,12275240
Kathmandu,4.95,aana,1694.14,6.0,2.0,1.0,1.0,9.0,7496833
Lalitpur,4.05,aana,1386.11,23.0,6.0,5.0,4.0,7.0,18182408
Pokhara,0.39,ropani,2135.64,15.0,3.0,2.0,2.0,6.0,10378859
Lalitpur,3371.0,sqft,3371.0,7.0,6.0,5.0,3.0,10.0,21775732
Chitwan,5186.0,sqft,5186.0,31.0,3.0,2.0,2.0,5.0,17704940
Kathmandu,10.25,aana,3508.06,21.0,2.0,1.0,2.5,17.0,28348107
Kathmandu,4.13,aana,1413.49,20.0,2.0,2.0,2.0,10.0,12082014
Bhaktapur,24.68,aana,8446.73,23.0,4.0,3.0,3.0,5.0,50353969
Lalitpur,1.25,ropani,6845.0,21.0,5.0,3.0,2.5,3.0,42448138
Bhaktapur,3453.0,sqft,3453.0,16.0,5.0,4.0,3.0,10.0,25810953
Bhaktapur,1497.0,sqft,1497.0,25.0,3.0,3.0,3.0,20.0,9763967
Lalitpur,1.19,ropani,6516.44,21.0,3.0,2.0,1.0,15.0,219514002
Kathmandu,28.08,aana,9610.38,25.0,7.0,5.0,4.0,6.0,66490212
Lalitpur,12.48,aana,4271.28,16.0,5.0,,2.0,10.0,25547888
Kathmandu,14.85,aana,5082.41,14.0,5.0,4.0,2.5,9.0,32664697
Lalitpur,3190.0,sqft,3190.0,24.0,4.0,4.0,2.5,5.0,28588071
Kathmandu,1757.0,sqft,1757.0,27.0,3.0,3.0,2.0,26.0,13951696
Kathmandu,10.67,aana,3651.81,14.0,4.0,3.0,1.5,12.0,24997726
Kathmandu,3170.0,sqft,3170.0,24.0,6.0,6.0,3.5,22.0,23601786
Kathmandu,1697.0,sqft,1697.0,17.0,4.0,2.0,2.5,16.0,15712410
Chitwan,8895.0,sqft,8895.0,23.0,5.0,3.0,2.5,4.0,33527051
Kathmandu,3599.0,sqft,3599.0,14.0,5.0,3.0,3.0,25.0,22634775
Lalitpur,0.4,ropani,2190.4,7.0,3.0,3.0,3.5,32.0,11421965
Bhaktapur,0.88,ropani,4818.88,10.0,3.0,2.0,2.0,15.0,21233467
Kathmandu,10.88,aana,3723.68,11.0,2.0,1.0,2.0,14.0,25136181
Butwal,2.25,katha,8201.25,21.0,3.0,3.0,2.0,15.0,22910391
Kathmandu,5.91,aana,2022.7,23.0,4.0,3.0,2.5,5.0,16672214
Butwal,1897.0,sqft,1897.0,19.0,4.0,4.0,3.0,14.0,7775358
Butwal,2.7,katha,9841.5,6.0,1.0,1.0,1.0,14.0,17104955
Kathmandu,16.29,aana,5575.25,14.0,4.0,2.0,2.5,5.0,51577457
Kathmandu,8.85,aana,3028.91,10.0,5.0,4.0,3.0,25.0,21022328
Pokhara,3090.0,sqft,3090.0,18.0,2.0,2.0,1.0,7.0,13785036
Kathmandu,3.96,aana,1355.31,19.0,5.0,4.0,2.5,19.0,10401304
Chitwan,2.23,katha,8128.35,19.0,3.0,1.0,2.5,9.0,20633595
Lalitpur,7.11,aana,2433.4,12.0,5.0,5.0,2.5,14.0,18613392
Kathmandu,12.78,aana,4373.95,7.0,4.0,,3.0,12.0,30202845
Kathmandu,0.34,ropani,1861.84,20.0,3.0,1.0,2.0,15.0,12761953
Lalitpur,20.93,aana,7163.29,10.0,2.0,1.0,1.0,11.0,30776769
Kathmandu,11.13,aana,3809.24,14.0,5.0,3.0,4.0,17.0,35644251
Pokhara,775.0,sqft,775.0,6.0,5.0,4.0,2.5,2.0,4191237
Pokhara,2.57,aana,879.58,21.0,5.0,4.0,2.5,5.0,5814408
Kathmandu,8.13,aana,2782.49,13.0,6.0,5.0,3.0,4.0,38344749
Lalitpur,12.18,aana,4168.6,19.0,5.0,4.0,2.0,4.0,28899698
Lalitpur,0.52,ropani,2847.52,18.0,5.0,4.0,2.5,11.0,16320129
Bhaktapur,4.73,aana,1618.84,32.0,5.0,4.0,3.0,6.0,15681502
Bhaktapur,15.12,aana,5174.82,13.0,4.0,3.0,2.0,15.0,23523423
Kathmandu,2.77,aana,948.03,14.0,5.0,,2.5,5.0,9377698
Chitwan,0.7,katha,2551.5,25.0,2.0,1.0,1.5,13.0,6579419
Lalitpur,3310.0,sqft,3310.0,10.0,6.0,4.0,2.0,5.0,18617637
Pokhara,2377.0,sqft,2377.0,37.0,2.0,1.0,2.0,12.0,13614066
Lalitpur,13.84,aana,4736.74,15.0,5.0,3.0,4.0,5.0,50918575
Bhaktapur,7.71,aana,2638.75,16.0,3.0,1.0,2.0,45.0,12735682
Lalitpur,7.83,aana,2679.82,23.0,4.0,3.0,2.5,15.0,23163776
Kathmandu,13.55,aana,4637.49,,5.0,5.0,4.0,5.0,50613615
Chitwan,0.74,katha,2697.3,7.0,1.0,1.0,1.0,19.0,5658965
Kathmandu,3.81,aana,1303.97,9.0,3.0,3.0,2.0,35.0,7468518
Kathmandu,0.28,ropani,1533.28,9.0,2.0,1.0,2.5,17.0,9108481
Pokhara,8.41,aana,2878.32,10.0,3.0,3.0,2.0,12.0,13391222
Lalitpur,3715.0,sqft,3715.0,13.0,3.0,2.0,2.5,8.0,35882495
Bhaktapur,13.45,aana,4603.26,15.0,3.0,2.0,1.5,27.0,20416445
Kathmandu,11.05,aana,3781.86,15.0,4.0,3.0,2.0,35.0,27307345
Kathmandu,1745.0,sqft,1745.0,8.0,1.0,1.0,1.0,11.0,9556160
Kathmandu,11.69,aana,4000.9,14.0,2.0,1.0,2.0,6.0,27652330
Lalitpur,2.46,aana,841.93,28.0,4.0,3.0,3.0,14.0,6264702
Chitwan,8658.0,sqft,8658.0,19.0,4.0,4.0,2.0,9.0,21055812
Pokhara,2414.0,sqft,2414.0,25.0,5.0,,2.0,,12204720
Kathmandu,6.78,aana,2320.45,19.0,3.0,2.0,3.5,10.0,23124182
Lalitpur,9.02,aana,3087.09,30.0,7.0,5.0,3.0,4.0,22743637
Pokhara,7.36,aana,2518.96,11.0,5.0,3.0,2.5,19.0,11601116
Pokhara,5.29,aana,1810.5,8.0,2.0,1.0,1.0,8.0,5417625
Chitwan,29.51,dhur,5378.2,21.0,5.0,3.0,2.0,8.0,21044779
Pokhara,10.35,aana,3542.29,35.0,5.0,4.0,2.5,6.0,23677354
Bhaktapur,2238.0,sqft,2238.0,14.0,4.0,4.0,2.0,19.0,12079295
Kathmandu,14.22,aana,4866.8,17.0,5.0,2.0,4.0,23.0,41677106
Kathmandu,6.43,aana,2200.67,26.0,6.0,4.0,3.5,6.0,22514082
Pokhara,0.46,ropani,2518.96,23.0,5.0,3.0,3.0,32.0,11434985
Kathmandu,2296.0,sqft,2296.0,,7.0,5.0,4.0,8.0,25594590
Kathmandu,2554.0,sqft,2554.0,16.0,4.0,3.0,3.0,6.0,29442549
Pokhara,19.08,aana,6530.13,19.0,4.0,3.0,3.0,15.0,33244539
Chitwan,1.95,katha,7107.75,11.0,6.0,4.0,,6.0,25190093
Pokhara,0.92,ropani,5037.92,19.0,4.0,1.0,2.5,13.0,26381611
Kathmandu,16.28,aana,5571.83,14.0,7.0,5.0,4.0,7.0,60049168
Kathmandu,2640.0,sqft,2640.0,20.0,2.0,1.0,1.5,20.0,17300563
Pokhara,12.35,aana,4226.79,19.0,3.0,3.0,1.0,,13971370
Bhaktapur,2380.0,sqft,2380.0,14.0,4.0,3.0,2.0,21.0,11347464
Pokhara,7.95,aana,2720.89,16.0,5.0,3.0,2.5,41.0,10827652
Lalitpur,0.64,ropani,3504.64,15.0,3.0,3.0,2.5,19.0,21113701
Kathmandu,8.67,aana,2967.31,11.0,4.0,3.0,3.0,26.0,17504193
Lalitpur,1918.0,sqft,1918.0,20.0,4.0,3.0,3.5,17.0,14656650
Butwal,14.66,dhur,2671.78,30.0,1.0,1.0,1.0,2.0,8130431
Lalitpur,0.55,ropani,3011.8,28.0,4.0,3.0,2.5,4.0,26135510
Lalitpur,6351.0,sqft,6351.0,15.0,5.0,3.0,,6.0,34858498
Kathmandu,8.01,aana,2741.42,23.0,2.0,1.0,2.0,50.0,21012590
Butwal,5619.0,sqft,5619.0,16.0,2.0,1.0,1.5,26.0,12615526
Butwal,2.58,katha,9404.1,12.0,5.0,4.0,3.5,21.0,28625849
Lalitpur,8.5,aana,2909.12,14.0,4.0,2.0,2.5,15.0,18456911
Lalitpur,5.66,aana,1937.13,14.0,2.0,2.0,2.5,15.0,12861772
Bhaktapur,3063.0,sqft,3063.0,23.0,1.0,1.0,1.5,16.0,15670923
Pokhara,3.08,aana,1054.13,6.0,3.0,2.0,1.0,14.0,3062954
Kathmandu,1322.0,sqft,1322.0,24.0,3.0,2.0,2.0,7.0,8601326
Bhaktapur,1.46,aana,499.69,16.0,5.0,4.0,2.5,8.0,2793190
Pokhara,5596.0,sqft,5596.0,14.0,1.0,1.0,1.5,21.0,19697844
Lalitpur,6.79,aana,2323.88,16.0,,6.0,2.0,2.0,16211817
Lalitpur,9.81,aana,3357.47,6.0,2.0,1.0,1.5,13.0,13100493
Butwal,2.79,katha,10169.55,21.0,4.0,2.0,2.0,6.0,25470818
Kathmandu,0.95,ropani,5202.2,30.0,4.0,2.0,3.0,19.0,48164780
Butwal,29.44,dhur,5365.44,24.0,2.0,1.0,2.0,20.0,13051721
Kathmandu,13.63,aana,4664.87,17.0,3.0,3.0,3.0,6.0,38450091
Bhaktapur,4.35,aana,1488.79,38.0,5.0,4.0,2.5,10.0,10894031
Butwal,2023.0,sqft,2023.0,32.0,1.0,1.0,1.0,4.0,9040383
Kathmandu,3.33,aana,1139.69,26.0,2.0,3.0,1.0,13.0,7832308
Chitwan,0.65,katha,2369.25,21.0,4.0,3.0,3.0,7.0,14843795
Lalitpur,17.35,aana,5938.04,12.0,4.0,3.0,2.5,17.0,30223043
Lalitpur,3.52,aana,1204.72,16.0,4.0,3.0,2.0,6.0,7545407
Kathmandu,0.47,ropani,2573.72,20.0,1.0,1.0,1.0,18.0,16131299
Kathmandu,5.96,aana,2039.81,20.0,1.0,1.0,1.0,14.0,12632732
Kathmandu,2412.0,sqft,2412.0,13.0,5.0,3.0,3.0,6.0,21705613
Pokhara,16.94,aana,5797.72,,6.0,5.0,3.0,8.0,37905725
Chitwan,13544.0,sqft,13544.0,17.0,4.0,2.0,2.5,9.0,37542199
Lalitpur,9.94,aana,3401.96,12.0,2.0,2.0,2.0,13.0,28313327
Lalitpur,18.41,aana,6300.82,36.0,5.0,3.0,3.0,7.0,53096512
Kathmandu,1714.0,sqft,1714.0,15.0,4.0,3.0,2.0,12.0,11255873
Lalitpur,9.24,aana,3162.39,30.0,3.0,2.0,2.5,8.0,30333014
Lalitpur,14.29,aana,4890.75,14.0,5.0,4.0,3.0,45.0,33780042
Bhaktapur,5.82,aana,1991.9,35.0,3.0,3.0,2.0,5.0,15096118
Chitwan,12889.0,sqft,12889.0,6.0,3.0,2.0,2.0,9.0,21218336
Bhaktapur,6197.0,sqft,6197.0,19.0,4.0,3.0,3.0,8.0,37747626
Chitwan,12.82,dhur,2336.45,18.0,1.0,1.0,1.0,23.0,4616714
Kathmandu,12.03,aana,4117.27,,2.0,1.0,2.0,22.0,27963701
Kathmandu,13.89,aana,4753.85,11.0,5.0,5.0,3.0,12.0,37475710
Kathmandu,3970.0,sqft,3970.0,23.0,3.0,3.0,3.0,5.0,40643959
Kathmandu,2.62,aana,896.7,10.0,5.0,4.0,3.5,4.0,8580549
Pokhara,9.46,aana,3237.69,8.0,3.0,3.0,2.0,9.0,18176614
Kathmandu,4763.0,sqft,4763.0,20.0,3.0,2.0,2.0,14.0,42155304
Pokhara,1497.0,sqft,1497.0,16.0,6.0,4.0,2.5,10.0,8118810
Kathmandu,1292.0,sqft,1292.0,18.0,3.0,2.0,2.0,6.0,9712867
Chitwan,3945.0,sqft,3945.0,21.0,2.0,1.0,2.0,10.0,15850900
Butwal,0.99,katha,3608.55,17.0,1.0,1.0,1.5,6.0,13347333
Bhaktapur,2.36,ropani,12923.36,22.0,3.0,3.0,1.5,15.0,71607850
Bhaktapur,22.43,aana,7676.67,,2.0,1.0,1.5,1.0,27880387
Lalitpur,2330.0,sqft,2330.0,21.0,4.0,3.0,2.5,3.0,20482948
Kathmandu,33.34,aana,11410.62,10.0,5.0,,2.0,16.0,59557666
Kathmandu,8.64,aana,2957.04,15.0,3.0,1.0,2.5,24.0,24429821
Kathmandu,0.44,ropani,2409.44,20.0,5.0,3.0,2.0,10.0,21232084
Kathmandu,2501.0,sqft,2501.0,45.0,4.0,3.0,2.0,26.0,17076460
Lalitpur,0.56,ropani,3066.56,23.0,4.0,4.0,2.5,12.0,23412458
Lalitpur,0.58,ropani,3176.08,10.0,5.0,4.0,3.0,23.0,15994987
Lalitpur,16.64,aana,5695.04,24.0,4.0,4.0,2.0,10.0,34293313
Bhaktapur,6.3,aana,2156.17,20.0,3.0,2.0,2.5,2.0,14874807
Kathmandu,10.89,aana,3727.1,14.0,2.0,1.0,2.0,26.0,20435149
Kathmandu,3822.0,sqft,3822.0,18.0,3.0,1.0,2.0,13.0,25821315
Kathmandu,0.32,ropani,1752.32,21.0,5.0,3.0,2.5,16.0,13703855
Kathmandu,0.88,ropani,4818.88,19.0,2.0,2.0,1.0,16.0,36899453
Bhaktapur,7.99,aana,2734.58,21.0,6.0,5.0,3.0,11.0,19748285
Kathmandu,2027.0,sqft,2027.0,12.0,1.0,1.0,1.0,5.0,14183511
Lalitpur,21.13,aana,7231.74,33.0,5.0,3.0,3.5,33.0,42460946
Bhaktapur,1182.0,sqft,1182.0,12.0,6.0,5.0,3.5,15.0,9696801
Bhaktapur,1030.0,sqft,1030.0,21.0,5.0,3.0,3.0,,7397970
Bhaktapur,5.2,aana,1779.7,9.0,6.0,4.0,3.5,1.0,10940671
Pokhara,2823.0,sqft,2823.0,19.0,6.0,4.0,2.0,4.0,14567520
Chitwan,2.32,katha,8456.4,26.0,4.0,3.0,3.0,8.0,27542224
Lalitpur,0.51,ropani,2792.76,14.0,3.0,3.0,1.0,10.0,15240491
Kathmandu,1937.0,sqft,1937.0,31.0,5.0,4.0,4.0,24.0,18288321
Lalitpur,9.38,aana,3210.31,19.0,5.0,5.0,3.0,25.0,21913817
Pokhara,6.07,aana,2077.46,20.0,7.0,4.0,4.0,9.0,17324710
Butwal,1.18,katha,4301.1,6.0,2.0,2.0,2.0,7.0,17678417
Kathmandu,5.85,aana,2002.16,33.0,5.0,3.0,4.0,11.0,27658532
Lalitpur,4.84,aana,1656.49,24.0,6.0,4.0,3.5,27.0,10358030
Kathmandu,15.5,aana,5304.88,10.0,5.0,4.0,2.5,11.0,51061687
Bhaktapur,2.73,aana,934.34,7.0,4.0,3.0,3.5,11.0,6509219
Lalitpur,0.51,ropani,2792.76,20.0,7.0,5.0,3.5,1.0,32240831
Chitwan,2811.0,sqft,2811.0,27.0,6.0,4.0,3.5,3.0,19950274
Pokhara,16.6,aana,5681.35,,2.0,2.0,1.5,31.0,20012805
Lalitpur,9.41,aana,3220.57,29.0,9.0,7.0,4.0,20.0,32123237
Pokhara,9.14,aana,3128.17,16.0,3.0,3.0,2.0,21.0,15604192
Kathmandu,10.99,aana,3761.33,25.0,2.0,1.0,2.5,21.0,28029840
Kathmandu,3993.0,sqft,3993.0,25.0,4.0,3.0,3.5,10.0,39744333
Lalitpur,2.16,aana,739.26,15.0,2.0,1.0,1.0,8.0,4158424
Lalitpur,0.14,ropani,766.64,19.0,3.0,3.0,2.0,15.0,4581573
Bhaktapur,4109.0,sqft,4109.0,14.0,5.0,4.0,2.5,8.0,36321293
Lalitpur,0.65,ropani,3559.4,33.0,7.0,5.0,3.5,18.0,33326760
Pokhara,0.61,ropani,3340.36,10.0,5.0,3.0,2.5,3.0,18887316
Kathmandu,9.31,aana,3186.35,21.0,4.0,3.0,3.5,13.0,27046826
Bhaktapur,8.33,aana,2850.94,17.0,3.0,3.0,1.0,4.0,14010670
Bhaktapur,3.18,aana,1088.36,17.0,2.0,2.0,2.0,14.0,5409930
Kathmandu,6.01,aana,2056.92,17.0,6.0,4.0,3.5,11.0,21038566
Bhaktapur,20.29,aana,6944.25,,6.0,4.0,3.5,14.0,36648536
Pokhara,4.89,aana,1673.6,9.0,6.0,4.0,3.5,3.0,12528952
Lalitpur,4.65,aana,1591.46,12.0,4.0,3.0,2.5,5.0,14383900
Chitwan,4.26,katha,15527.7,12.0,2.0,1.0,1.0,5.0,23411452
Bhaktapur,4.05,aana,1386.11,13.0,2.0,2.0,2.0,10.0,9261744
Kathmandu,5.51,aana,1885.8,9.0,2.0,1.0,2.5,7.0,15936349
Bhaktapur,1885.0,sqft,1885.0,16.0,5.0,3.0,3.0,9.0,13683493
Bhaktapur,0.72,ropani,3942.72,21.0,4.0,2.0,3.0,12.0,22995401
Chitwan,0.4,katha,1458.0,14.0,3.0,3.0,2.5,10.0,5859249
Kathmandu,12.5,aana,4278.12,25.0,5.0,5.0,4.0,12.0,49228053
Chitwan,5751.0,sqft,5751.0,45.0,2.0,2.0,1.5,27.0,12664431
Lalitpur,4571.0,sqft,4571.0,6.0,5.0,3.0,3.0,3.0,34085736
Kathmandu,2065.0,sqft,2065.0,14.0,2.0,,1.0,14.0,13971153
Bhaktapur,15.79,aana,5404.13,28.0,2.0,2.0,2.5,11.0,31733635
Bhaktapur,3408.0,sqft,3408.0,21.0,4.0,2.0,1.0,6.0,13529813
Kathmandu,3627.0,sqft,3627.0,21.0,1.0,1.0,1.0,19.0,28570472
Chitwan,0.81,katha,2952.45,11.0,1.0,1.0,1.0,7.0,8653472
Chitwan,5110.0,sqft,5110.0,21.0,5.0,4.0,3.0,14.0,25728957
Bhaktapur,4.82,aana,1649.65,13.0,6.0,3.0,2.0,13.0,8867717
Pokhara,6.23,aana,2132.22,17.0,4.0,3.0,2.5,50.0,7374564
Lalitpur,908.0,sqft,908.0,11.0,3.0,2.0,2.5,27.0,4578756
Bhaktapur,1194.0,sqft,1194.0,19.0,3.0,2.0,2.0,6.0,5947574
Lalitpur,0.85,ropani,4654.6,23.0,6.0,4.0,3.5,18.0,40755230
Kathmandu,7.06,aana,2416.28,10.0,2.0,1.0,1.0,7.0,13990756
Pokhara,3.55,aana,1214.99,11.0,5.0,5.0,3.5,3.0,8552754
Chitwan,1.18,katha,4301.1,11.0,4.0,3.0,2.5,27.0,14380220
Kathmandu,8.65,aana,2960.46,9.0,4.0,2.0,3.5,19.0,28452242
Lalitpur,1201.0,sqft,1201.0,22.0,4.0,2.0,1.5,2.0,10064046
Kathmandu,3126.0,sqft,3126.0,18.0,4.0,3.0,2.5,19.0,25277210
Pokhara,28.51,aana,9757.55,11.0,2.0,2.0,1.0,19.0,25380193
Lalitpur,9.84,aana,3367.74,21.0,6.0,6.0,3.0,11.0,31543052
Kathmandu,0.51,ropani,2792.76,25.0,5.0,4.0,2.0,10.0,23724476
Chitwan,19.18,dhur,3495.55,12.0,4.0,3.0,2.0,10.0,10416920
Butwal,1.59,katha,5795.55,38.0,2.0,1.0,2.0,4.0,23170087
Chitwan,6891.0,sqft,6891.0,7.0,5.0,4.0,2.5,10.0,20805169
Lalitpur,2452.0,sqft,2452.0,22.0,4.0,3.0,2.5,,15890033
Chitwan,1.48,katha,5394.6,18.0,4.0,3.0,3.5,18.0,25102053
Butwal,11659.0,sqft,11659.0,14.0,5.0,3.0,2.0,19.0,26306958
Kathmandu,0.41,ropani,2245.16,,3.0,3.0,1.0,20.0,18371022
Kathmandu,12.16,aana,4161.76,25.0,3.0,3.0,2.0,15.0,26757796
Bhaktapur,1.34,ropani,7337.84,10.0,6.0,4.0,3.0,8.0,42650909
Butwal,0.74,katha,2697.3,8.0,5.0,3.0,2.0,17.0,10278671
Butwal,37.23,dhur,6785.17,14.0,4.0,4.0,2.0,8.0,16874172
Pokhara,15.35,aana,5253.54,31.0,4.0,2.0,1.5,,26570446
Lalitpur,4892.0,sqft,4892.0,32.0,3.0,2.0,2.5,44.0,27102420
Butwal,1.9,katha,6925.5,29.0,4.0,3.0,2.0,11.0,24184676
Kathmandu,7637.0,sqft,7637.0,18.0,6.0,5.0,3.5,7.0,73973083
Kathmandu,12.89,aana,4411.6,24.0,3.0,2.0,3.0,20.0,40153214
Kathmandu,7.57,aana,2590.83,27.0,,5.0,2.5,4.0,20751032
Bhaktapur,10.68,aana,3655.23,18.0,2.0,2.0,1.0,3.0,15251093
Chitwan,4807.0,sqft,4807.0,36.0,,4.0,2.0,9.0,23929417
Butwal,4.43,katha,16147.35,8.0,4.0,4.0,,12.0,35110912
Lalitpur,4437.0,sqft,4437.0,18.0,3.0,2.0,2.0,4.0,34818577
Lalitpur,1603.0,sqft,1603.0,18.0,3.0,3.0,3.0,7.0,12314004
Kathmandu,3079.0,sqft,3079.0,10.0,5.0,4.0,2.5,6.0,23706994
Lalitpur,12.35,aana,4226.79,22.0,4.0,2.0,2.0,16.0,34686596
Kathmandu,14.1,aana,4825.72,14.0,3.0,2.0,2.5,17.0,25734306
Lalitpur,7.53,aana,2577.14,29.0,3.0,3.0,2.0,7.0,17742070
Kathmandu,2838.0,sqft,2838.0,14.0,5.0,5.0,2.5,28.0,19228345
Butwal,1.32,katha,4811.4,6.0,4.0,3.0,3.5,9.0,30549682
Butwal,0.93,katha,3389.85,29.0,3.0,3.0,1.5,28.0,8869089
Kathmandu,7.88,aana,2696.93,30.0,6.0,6.0,3.5,8.0,33721159
Pokhara,9.95,aana,3405.39,7.0,3.0,4.0,2.0,22.0,12643337
Lalitpur,4320.0,sqft,4320.0,6.0,5.0,3.0,2.0,15.0,23147590
Kathmandu,4.32,aana,1478.52,,5.0,3.0,3.5,5.0,15094370
Lalitpur,9.29,aana,3179.5,24.0,3.0,2.0,2.0,13.0,18586988
Kathmandu,4.08,aana,1396.38,27.0,2.0,2.0,2.0,18.0,12043054
Lalitpur,4.78,aana,1635.96,24.0,4.0,2.0,2.0,14.0,11469650
Bhaktapur,2688.0,sqft,2688.0,26.0,4.0,2.0,3.0,31.0,16481340
Chitwan,47.25,dhur,8611.31,30.0,3.0,2.0,2.5,29.0,15203551
Pokhara,2309.0,sqft,2309.0,17.0,5.0,4.0,3.0,6.0,14154627
Lalitpur,0.3,ropani,1642.8,25.0,,3.0,2.0,9.0,11415083
Bhaktapur,36.8,aana,12594.8,6.0,5.0,3.0,2.0,12.0,39864121
Pokhara,0.4,ropani,2190.4,14.0,7.0,5.0,4.0,16.0,17843270
Bhaktapur,1275.0,sqft,1275.0,6.0,7.0,5.0,4.0,3.0,11302354
Kathmandu,5.04,aana,1724.94,28.0,5.0,4.0,2.5,8.0,14071926
Pokhara,2876.0,sqft,2876.0,17.0,3.0,3.0,3.0,21.0,14422109
Pokhara,2689.0,sqft,2689.0,19.0,5.0,3.0,2.5,0.0,19830749
Kathmandu,11.04,aana,3778.44,6.0,6.0,4.0,3.0,16.0,28115150
Kathmandu,0.42,ropani,2299.92,13.0,3.0,2.0,2.5,1.0,20732241
Kathmandu,6106.0,sqft,6106.0,7.0,6.0,5.0,3.0,7.0,48252808
Kathmandu,0.35,ropani,1916.6,21.0,1.0,1.0,2.0,3.0,16076742
Pokhara,5.92,aana,2026.12,44.0,3.0,2.0,2.0,22.0,7660338
Butwal,1.54,katha,5613.3,35.0,3.0,2.0,2.0,18.0,22210538
Kathmandu,9.83,aana,3364.32,25.0,4.0,3.0,1.5,23.0,23146989
Kathmandu,17.27,aana,5910.66,11.0,3.0,2.0,3.0,14.0,42854439
Kathmandu,3961.0,sqft,3961.0,15.0,5.0,4.0,3.5,10.0,34442041
Lalitpur,1.33,ropani,7283.08,20.0,6.0,5.0,4.0,9.0,54452754
Lalitpur,8.79,aana,3008.38,19.0,3.0,2.0,2.5,23.0,17615882
Lalitpur,2761.0,sqft,2761.0,22.0,1.0,1.0,1.5,2.0,16956493
Butwal,11719.0,sqft,11719.0,,7.0,6.0,4.0,5.0,37485297
Lalitpur,5273.0,sqft,5273.0,14.0,5.0,3.0,3.0,22.0,39364815
Pokhara,6016.0,sqft,6016.0,12.0,4.0,3.0,2.5,13.0,24529097
Kathmandu,5448.0,sqft,5448.0,22.0,4.0,3.0,2.5,6.0,48461400
Kathmandu,6825.0,sqft,6825.0,16.0,,4.0,2.5,13.0,53574758
Bhaktapur,7.75,aana,2652.44,16.0,4.0,2.0,3.0,8.0,14919675
Kathmandu,5223.0,sqft,5223.0,23.0,4.0,4.0,2.5,3.0,55964718
Pokhara,1627.0,sqft,1627.0,30.0,2.0,2.0,1.0,5.0,6692415
Lalitpur,2.5,aana,855.62,24.0,4.0,4.0,2.0,11.0,7382344
Bhaktapur,0.26,ropani,1423.76,45.0,3.0,2.0,2.5,16.0,9295064
Bhaktapur,7.84,aana,2683.24,11.0,4.0,3.0,2.5,17.0,15428332
Bhaktapur,8.42,aana,2881.74,20.0,5.0,3.0,2.5,17.0,18808593
Lalitpur,8.04,aana,2751.69,13.0,4.0,3.0,2.0,14.0,16492717
Lalitpur,15.47,aana,5294.61,45.0,1.0,1.0,1.0,5.0,35851978
Lalitpur,3.11,aana,1064.4,27.0,1.0,1.0,1.5,15.0,6927710
Lalitpur,10.86,aana,3716.83,11.0,5.0,4.0,3.0,12.0,27015969
Lalitpur,4.58,aana,1567.51,45.0,4.0,3.0,3.0,21.0,13101685
Chitwan,2.13,katha,7763.85,17.0,2.0,1.0,1.0,14.0,17178918
Lalitpur,6.1,aana,2087.72,13.0,4.0,2.0,2.5,26.0,14972494
Lalitpur,15.77,aana,5397.28,12.0,4.0,3.0,2.0,6.0,42209587
Pokhara,0.46,ropani,2518.96,22.0,3.0,2.0,2.5,7.0,14422315
Pokhara,7.6,aana,2601.1,18.0,3.0,2.0,2.0,13.0,11722803
Bhaktapur,19.6,aana,6708.1,7.0,3.0,3.0,2.0,10.0,31707764
Bhaktapur,2864.0,sqft,2864.0,6.0,4.0,4.0,2.0,8.0,17580050
Pokhara,2407.0,sqft,2407.0,25.0,4.0,3.0,2.5,20.0,14554850
Pokhara,12.63,aana,4322.62,24.0,4.0,3.0,2.5,0.0,34207565
Kathmandu,13.3,aana,4551.93,12.0,2.0,2.0,2.5,6.0,38019948
Bhaktapur,2873.0,sqft,2873.0,24.0,3.0,2.0,2.5,10.0,19681122
Bhaktapur,0.19,ropani,1040.44,23.0,5.0,4.0,2.0,14.0,6485364
Kathmandu,5.05,aana,1728.36,9.0,6.0,3.0,4.0,19.0,20493282
Pokhara,7.14,aana,2443.66,14.0,6.0,5.0,3.5,9.0,16308725
Lalitpur,6.55,aana,2241.74,41.0,5.0,2.0,3.5,16.0,22379355
Lalitpur,4.71,aana,1612.0,23.0,5.0,4.0,2.5,28.0,11497405
Bhaktapur,1596.0,sqft,1596.0,6.0,,4.0,3.5,16.0,10489414
Chitwan,10278.0,sqft,10278.0,14.0,3.0,2.0,3.0,30.0,22581426
Bhaktapur,4.8,aana,1642.8,9.0,6.0,4.0,2.5,18.0,8079646
Bhaktapur,11.16,aana,3819.51,34.0,1.0,1.0,1.0,6.0,20236073
Lalitpur,2564.0,sqft,2564.0,28.0,4.0,3.0,3.0,19.0,19967157
Kathmandu,2316.0,sqft,2316.0,45.0,4.0,2.0,2.0,6.0,23306726
Butwal,1.27,katha,4629.15,7.0,3.0,1.0,2.5,5.0,15975112
Chitwan,1.08,katha,3936.6,17.0,6.0,4.0,3.5,3.0,27041264
Lalitpur,2460.0,sqft,2460.0,11.0,6.0,4.0,3.0,23.0,12893942
Bhaktapur,1759.0,sqft,1759.0,18.0,7.0,6.0,3.0,11.0,12327762
Pokhara,1.14,ropani,6242.64,13.0,2.0,1.0,1.0,15.0,24016976
Lalitpur,4834.0,sqft,4834.0,41.0,2.0,1.0,2.0,5.0,44579393
Bhaktapur,25.27,aana,8648.66,11.0,3.0,2.0,1.5,10.0,27339634
Pokhara,15.04,aana,5147.44,8.0,3.0,4.0,2.0,18.0,24006072
Lalitpur,8.69,aana,2974.15,13.0,1.0,1.0,2.0,7.0,18393657
Bhaktapur,5002.0,sqft,5002.0,17.0,5.0,3.0,2.5,4.0,30872946
Lalitpur,9.14,aana,3128.17,12.0,,3.0,2.5,13.0,23679801
Butwal,0.59,katha,2150.55,11.0,4.0,3.0,2.5,2.0,11255794
Kathmandu,14.79,aana,5061.88,10.0,1.0,2.0,1.0,12.0,34580084
Kathmandu,12.22,aana,4182.3,38.0,5.0,4.0,2.5,5.0,41275923
Kathmandu,0.59,ropani,3230.84,10.0,5.0,3.0,4.0,21.0,23165696
Bhaktapur,8.53,aana,2919.39,6.0,,2.0,2.5,15.0,16818717
Kathmandu,9.79,aana,3350.63,7.0,4.0,3.0,2.0,7.0,20316611
Kathmandu,6.69,aana,2289.65,17.0,6.0,4.0,3.0,16.0,19647146
Pokhara,0.6,ropani,3285.6,13.0,3.0,2.0,,4.0,21263693
Pokhara,12.19,aana,4172.03,21.0,1.0,1.0,1.0,29.0,17998391
Butwal,18.59,dhur,3388.03,31.0,4.0,4.0,3.0,10.0,17224114
Pokhara,4.38,aana,1499.06,14.0,5.0,4.0,3.0,5.0,11889840
Bhaktapur,1795.0,sqft,1795.0,18.0,5.0,3.0,3.0,5.0,54057236
Kathmandu,4.02,aana,1375.84,17.0,3.0,2.0,3.0,29.0,9931827
Butwal,0.97,katha,3535.65,6.0,3.0,2.0,,24.0,8436472
Kathmandu,24.1,aana,8248.23,16.0,4.0,2.0,2.0,10.0,56192554
Chitwan,0.69,katha,2515.05,11.0,4.0,4.0,2.0,6.0,10819217
Pokhara,8098.0,sqft,8098.0,12.0,3.0,3.0,3.0,0.0,38065265
Butwal,2.79,katha,10169.55,,6.0,4.0,3.5,9.0,29793296
Lalitpur,11.95,aana,4089.89,14.0,3.0,2.0,1.5,4.0,26719084
Lalitpur,3146.0,sqft,3146.0,11.0,4.0,4.0,2.5,21.0,27860797
Kathmandu,5117.0,sqft,5117.0,23.0,5.0,3.0,3.0,15.0,40347829
Butwal,3.86,katha,14069.7,19.0,6.0,4.0,2.5,10.0,23668568
Pokhara,12.14,aana,4154.91,42.0,7.0,5.0,2.5,15.0,32361499
Butwal,34.44,dhur,6276.69,17.0,7.0,7.0,3.5,9.0,43435407
Lalitpur,11.14,aana,3812.67,42.0,7.0,6.0,3.0,15.0,36014929
Pokhara,4270.0,sqft,4270.0,21.0,3.0,2.0,2.0,7.0,24597022
Lalitpur,0.41,ropani,2245.16,6.0,4.0,3.0,2.5,1.0,15358473
Butwal,3.84,katha,13996.8,9.0,7.0,5.0,3.0,19.0,32138894
Kathmandu,2843.0,sqft,2843.0,21.0,1.0,1.0,1.0,4.0,16647753
Kathmandu,8.65,aana,2960.46,11.0,6.0,5.0,2.5,8.0,26540573
Pokhara,0.71,ropani,3887.96,16.0,1.0,1.0,1.0,6.0,17810750
Pokhara,5.23,aana,1789.97,15.0,2.0,2.0,2.5,34.0,5919549
Bhaktapur,11.99,aana,4103.58,23.0,4.0,5.0,3.0,12.0,27897054
Lalitpur,1928.0,sqft,1928.0,10.0,4.0,3.0,2.0,3.0,12220814
Lalitpur,7.22,aana,2471.05,24.0,3.0,2.0,1.5,16.0,15160844
Pokhara,3523.0,sqft,3523.0,11.0,4.0,4.0,2.0,17.0,17872816
Chitwan,1.15,katha,4191.75,24.0,5.0,2.0,2.5,18.0,13983655
Bhaktapur,0.11,ropani,602.36,14.0,5.0,4.0,2.5,13.0,4373890
Lalitpur,11.62,aana,3976.94,20.0,3.0,2.0,2.0,18.0,26001202
Pokhara,6.34,aana,2169.86,8.0,5.0,4.0,3.0,5.0,13340724
Kathmandu,4.25,aana,1454.56,34.0,5.0,3.0,3.0,7.0,16849609
Butwal,2.89,katha,10534.05,7.0,3.0,1.0,2.0,24.0,15531302
Lalitpur,6.54,aana,2238.32,30.0,4.0,3.0,2.0,20.0,18906165
Kathmandu,1403.0,sqft,1403.0,6.0,4.0,4.0,2.5,10.0,8776586
Chitwan,2.84,katha,10351.8,12.0,4.0,4.0,3.5,7.0,40819054
Lalitpur,5603.0,sqft,5603.0,19.0,3.0,1.0,1.5,2.0,36038304
Chitwan,7073.0,sqft,7073.0,13.0,5.0,5.0,3.0,3.0,33346820
Kathmandu,7.83,aana,2679.82,13.0,4.0,2.0,2.5,18.0,20745268
Kathmandu,3.47,aana,1187.61,32.0,5.0,5.0,2.0,5.0,10911709
Pokhara,4.1,aana,1403.22,22.0,3.0,3.0,2.5,13.0,8364097
Butwal,2.53,katha,9221.85,20.0,2.0,1.0,2.5,23.0,25779882
Lalitpur,3122.0,sqft,3122.0,13.0,2.0,2.0,2.5,7.0,23319901
Lalitpur,0.66,ropani,3614.16,25.0,3.0,3.0,2.0,3.0,22462662
Butwal,8335.0,sqft,8335.0,20.0,4.0,3.0,3.0,6.0,38171317
Pokhara,2051.0,sqft,2051.0,33.0,6.0,5.0,3.5,6.0,18114703
Lalitpur,10.13,aana,3466.99,17.0,3.0,3.0,2.5,20.0,26417292
Lalitpur,17.12,aana,5859.32,13.0,4.0,3.0,2.5,13.0,31404816
Chitwan,1.25,katha,4556.25,14.0,4.0,4.0,2.5,9.0,19828600
Lalitpur,2698.0,sqft,2698.0,40.0,2.0,2.0,2.0,4.0,25077195
Butwal,2.5,katha,9112.5,19.0,4.0,3.0,2.5,13.0,24644529
Bhaktapur,1964.0,sqft,1964.0,7.0,3.0,2.0,2.0,11.0,10540180
Kathmandu,33.52,aana,11472.22,13.0,,2.0,2.0,12.0,59267058
Kathmandu,12.75,aana,4363.69,,2.0,,2.0,4.0,31000712
Kathmandu,5.67,aana,1940.56,25.0,3.0,3.0,2.0,2.0,20963772
Butwal,1.01,katha,3681.45,8.0,3.0,3.0,2.0,5.0,14582111
Chitwan,2.59,katha,9440.55,22.0,5.0,3.0,3.0,17.0,26129849
Lalitpur,2276.0,sqft,2276.0,24.0,5.0,4.0,3.0,8.0,18354460
Pokhara,5.58,aana,1909.76,17.0,5.0,4.0,3.0,12.0,10884882
Lalitpur,0.4,ropani,2190.4,21.0,6.0,4.0,,26.0,17117947
Kathmandu,0.32,ropani,1752.32,17.0,1.0,1.0,1.5,25.0,16372442
Lalitpur,3.42,aana,1170.49,14.0,2.0,2.0,2.0,14.0,7067523
Butwal,40.95,dhur,7463.14,16.0,6.0,4.0,3.5,6.0,34131203
Bhaktapur,1058.0,sqft,1058.0,10.0,4.0,4.0,3.0,17.0,6641579
Chitwan,10343.0,sqft,10343.0,12.0,5.0,3.0,4.0,4.0,37398801
Pokhara,4.06,aana,1389.53,8.0,5.0,4.0,2.5,20.0,6082224
Lalitpur,7.86,aana,2690.09,20.0,3.0,1.0,2.0,1.0,23995379
Chitwan,1.35,katha,4920.75,22.0,4.0,2.0,2.0,17.0,17568539
Kathmandu,8.97,aana,3069.98,21.0,1.0,1.0,1.5,2.0,39848549
Kathmandu,2991.0,sqft,2991.0,14.0,3.0,2.0,3.0,12.0,26495892
Butwal,1.57,katha,5722.65,16.0,2.0,1.0,1.5,18.0,16057124
Pokhara,8.71,aana,2981.0,8.0,6.0,5.0,4.0,4.0,29062558
Lalitpur,3.01,aana,1030.17,14.0,5.0,5.0,3.5,2.0,10463427
Lalitpur,29.57,aana,10120.33,15.0,1.0,1.0,1.0,13.0,44349903
Kathmandu,5.27,aana,1803.66,20.0,5.0,3.0,2.5,8.0,17446383
Lalitpur,3099.0,sqft,3099.0,17.0,6.0,5.0,4.0,21.0,23603473
Lalitpur,8.9,aana,3046.03,27.0,5.0,4.0,3.0,8.0,35809301
Butwal,1.47,katha,5358.15,15.0,4.0,3.0,2.0,7.0,17013248
Kathmandu,12.67,aana,4336.31,26.0,5.0,4.0,3.0,18.0,38064690
Pokhara,2.31,aana,790.6,13.0,5.0,4.0,3.5,28.0,3663650
Chitwan,2545.0,sqft,2545.0,26.0,5.0,3.0,2.0,8.0,10735067
Kathmandu,9.52,aana,3258.22,31.0,5.0,4.0,3.0,6.0,39649777
Butwal,11028.0,sqft,11028.0,26.0,4.0,3.0,2.0,15.0,26341200
Chitwan,1.8,katha,6561.0,20.0,2.0,1.0,2.5,4.0,20651207
Pokhara,18.24,aana,6242.64,21.0,4.0,3.0,2.5,10.0,28754295
Kathmandu,3582.0,sqft,3582.0,22.0,3.0,2.0,2.5,16.0,32450256
Bhaktapur,0.47,ropani,2573.72,10.0,6.0,5.0,4.0,15.0,22858925
Pokhara,10.95,aana,3747.64,18.0,5.0,4.0,3.0,25.0,23233800
Kathmandu,5.06,aana,1731.78,7.0,5.0,4.0,2.5,9.0,12289596
Pokhara,1773.0,sqft,1773.0,21.0,3.0,3.0,1.5,26.0,6572688
Kathmandu,4231.0,sqft,4231.0,20.0,3.0,2.0,2.5,1.0,36074210
Butwal,25.99,dhur,4736.68,14.0,1.0,1.0,1.5,,14834841
Bhaktapur,3.51,aana,1201.3,13.0,5.0,3.0,3.5,16.0,8048022
Bhaktapur,6.63,aana,2269.12,20.0,4.0,3.0,3.0,2.0,20630763
Kathmandu,0.59,ropani,3230.84,28.0,4.0,2.0,3.5,13.0,46456468
Butwal,11164.0,sqft,11164.0,8.0,3.0,3.0,3.0,9.0,26103342
Chitwan,7.4,katha,26973.0,24.0,5.0,5.0,3.5,15.0,46290425
Lalitpur,13.1,aana,4483.47,8.0,2.0,1.0,2.0,16.0,30820343
Kathmandu,7.63,aana,2611.37,9.0,3.0,2.0,2.5,5.0,18709913
Kathmandu,2.73,aana,934.34,12.0,6.0,5.0,3.0,12.0,6889125
Kathmandu,11.16,aana,3819.51,29.0,5.0,5.0,3.0,16.0,34960489
Bhaktapur,1290.0,sqft,1290.0,30.0,4.0,3.0,3.0,1.0,8657542
Kathmandu,0.59,ropani,3230.84,18.0,4.0,2.0,2.5,18.0,23566308
Lalitpur,4.52,aana,1546.97,6.0,2.0,2.0,1.5,14.0,6914032
Lalitpur,3978.0,sqft,3978.0,9.0,5.0,4.0,4.0,43.0,22144811
Lalitpur,0.27,ropani,1478.52,9.0,5.0,4.0,4.0,10.0,12948431
Lalitpur,1.18,ropani,6461.68,20.0,3.0,2.0,2.5,7.0,44938065
Butwal,2.72,katha,9914.4,8.0,3.0,3.0,2.0,2.0,23006925
Lalitpur,6.33,aana,2166.44,12.0,4.0,2.0,2.5,18.0,11221728
Pokhara,0.35,ropani,1916.6,45.0,3.0,2.0,2.5,26.0,9182084
Bhaktapur,0.44,ropani,2409.44,15.0,4.0,2.0,2.5,21.0,16015052
Lalitpur,6305.0,sqft,6305.0,13.0,6.0,4.0,3.5,14.0,40191965
Pokhara,5.58,aana,1909.76,11.0,3.0,3.0,2.5,,10314133
Chitwan,1.54,katha,5613.3,25.0,4.0,3.0,2.0,15.0,17486869
Lalitpur,4.79,aana,1639.38,16.0,3.0,2.0,,9.0,11803250
Bhaktapur,1267.0,sqft,1267.0,23.0,4.0,2.0,3.0,,8697697
Kathmandu,4.12,aana,1410.07,24.0,7.0,6.0,3.5,3.0,22126480
Kathmandu,5.67,aana,1940.56,9.0,6.0,5.0,3.5,19.0,13834761
Kathmandu,2236.0,sqft,2236.0,17.0,2.0,1.0,1.5,9.0,16398321
Lalitpur,7.39,aana,2529.23,17.0,4.0,3.0,2.5,15.0,19267265
Bhaktapur,4.68,aana,1601.73,6.0,5.0,3.0,4.0,12.0,11252100
Kathmandu,11.97,aana,4096.73,29.0,4.0,3.0,2.0,32.0,34084389
Kathmandu,26.14,aana,8946.42,45.0,5.0,4.0,3.5,4.0,74919191
Lalitpur,2886.0,sqft,2886.0,7.0,5.0,3.0,2.5,4.0,17953963
Kathmandu,6.72,aana,2299.92,14.0,6.0,4.0,2.5,14.0,20740360
Lalitpur,8.03,aana,2748.27,16.0,4.0,2.0,2.0,8.0,21117956
Lalitpur,4.78,aana,1635.96,14.0,5.0,3.0,2.5,9.0,1908562
Chitwan,0.78,katha,2843.1,17.0,1.0,1.0,1.0,11.0,6413115
Kathmandu,5.22,aana,1786.54,12.0,4.0,4.0,3.0,4.0,19801278
Chitwan,99.9,dhur,18206.78,12.0,4.0,3.0,2.0,,32369036
Lalitpur,1.88,ropani,10294.88,19.0,6.0,4.0,4.0,1.0,73888051
Chitwan,2987.0,sqft,2987.0,19.0,2.0,2.0,1.0,18.0,5557340
Bhaktapur,0.45,ropani,2464.2,14.0,5.0,5.0,3.5,3.0,22593056
Butwal,0.73,katha,2660.85,30.0,5.0,3.0,2.5,6.0,10453707
Bhaktapur,4.06,aana,1389.53,14.0,6.0,4.0,2.5,12.0,9097545
Kathmandu,3460.0,sqft,3460.0,32.0,3.0,2.0,2.0,4.0,24240844
Bhaktapur,983.0,sqft,983.0,12.0,2.0,1.0,1.0,13.0,3672057
Kathmandu,3.67,aana,1256.06,15.0,4.0,3.0,2.0,2.0,14076190
Bhaktapur,10.72,aana,3668.92,19.0,5.0,4.0,3.0,7.0,23547814
Bhaktapur,6.69,aana,2289.65,14.0,3.0,1.0,2.5,11.0,14876569
Bhaktapur,5.02,aana,1718.09,39.0,1.0,1.0,1.0,10.0,9079197
Bhaktapur,1416.0,sqft,1416.0,16.0,5.0,3.0,3.0,12.0,9705530
Bhaktapur,1884.0,sqft,1884.0,25.0,4.0,3.0,2.5,7.0,10997047
Kathmandu,4.56,aana,1560.66,41.0,4.0,4.0,2.5,0.0,16497353
Bhaktapur,956.0,sqft,956.0,18.0,6.0,3.0,3.5,8.0,5763113
Bhaktapur,1679.0,sqft,1679.0,15.0,6.0,5.0,3.5,22.0,11888103
Pokhara,5.29,aana,1810.5,18.0,5.0,5.0,2.0,10.0,11981617
Lalitpur,2184.0,sqft,2184.0,9.0,,4.0,4.0,12.0,23422682
Lalitpur,1863.0,sqft,1863.0,20.0,4.0,3.0,2.0,2.0,12322806
Kathmandu,8.02,aana,2744.84,13.0,3.0,4.0,2.0,6.0,19361296
Kathmandu,1490.0,sqft,1490.0,16.0,5.0,4.0,3.0,10.0,12102793
Lalitpur,7.87,aana,2693.51,20.0,4.0,3.0,3.0,25.0,18970819
Kathmandu,7.12,aana,2436.82,25.0,4.0,3.0,2.0,1.0,28155127
Butwal,2816.0,sqft,2816.0,20.0,4.0,4.0,2.0,37.0,7027983
Butwal,6.58,dhur,1199.2,17.0,4.0,3.0,2.0,2.0,6233174
Butwal,4909.0,sqft,4909.0,25.0,3.0,2.0,2.5,7.0,22789695
Lalitpur,13.69,aana,4685.4,10.0,3.0,2.0,2.0,15.0,29192925
Chitwan,13524.0,sqft,13524.0,21.0,4.0,3.0,2.5,8.0,29293013
Butwal,4826.0,sqft,4826.0,29.0,3.0,2.0,2.0,29.0,1915933
Kathmandu,7.37,aana,2522.38,24.0,,1.0,1.0,16.0,21813532
Lalitpur,6.1,aana,2087.72,9.0,1.0,1.0,1.0,25.0,10883217
Pokhara,1222.0,sqft,1222.0,24.0,4.0,3.0,2.0,17.0,6654375
Pokhara,12.94,aana,4428.72,23.0,4.0,3.0,1.5,12.0,26485936
Chitwan,1.21,katha,4410.45,12.0,5.0,3.0,2.0,5.0,17948521
Bhaktapur,17.07,aana,5842.21,11.0,5.0,4.0,3.0,2.0,29356341
Bhaktapur,5.19,aana,1776.28,6.0,2.0,1.0,1.0,41.0,4832351
Bhaktapur,1978.0,sqft,1978.0,36.0,5.0,5.0,3.5,9.0,15735623
Butwal,3739.0,sqft,3739.0,9.0,1.0,2.0,2.0,22.0,11695178
Kathmandu,2.91,aana,995.95,23.0,4.0,3.0,3.0,2.0,11520149
Chitwan,2.42,katha,8820.9,14.0,4.0,3.0,3.0,7.0,28192411
Chitwan,32.87,dhur,5990.56,9.0,5.0,3.0,3.0,22.0,19980158
Kathmandu,1612.0,sqft,1612.0,23.0,5.0,4.0,4.0,6.0,18043284
Lalitpur,0.22,ropani,1204.72,7.0,6.0,4.0,3.0,9.0,48742686
Lalitpur,10.07,aana,3446.46,12.0,2.0,1.0,2.0,33.0,18568976
Butwal,1.92,katha,6998.4,13.0,5.0,3.0,3.0,22.0,26670897
Kathmandu,0.12,ropani,657.12,14.0,5.0,3.0,2.5,14.0,5466618
Lalitpur,0.73,ropani,3997.48,24.0,4.0,2.0,3.5,5.0,38801769
Pokhara,17.58,aana,6016.75,8.0,4.0,2.0,2.5,6.0,27270338
Kathmandu,6.25,aana,2139.06,18.0,6.0,5.0,4.0,9.0,20753660
Bhaktapur,0.45,ropani,2464.2,20.0,5.0,3.0,3.0,4.0,17888874
Bhaktapur,3072.0,sqft,3072.0,11.0,6.0,4.0,4.0,5.0,21868815
Pokhara,2075.0,sqft,2075.0,19.0,3.0,2.0,2.0,14.0,9911651
Bhaktapur,730.0,sqft,730.0,14.0,4.0,3.0,2.5,14.0,3489707
Chitwan,6218.0,sqft,6218.0,15.0,4.0,3.0,2.5,4.0,21487560
Kathmandu,6165.0,sqft,6165.0,6.0,3.0,,1.0,8.0,25059452
Lalitpur,3350.0,sqft,3350.0,6.0,3.0,1.0,1.5,4.0,17086201
Lalitpur,11.04,aana,3778.44,21.0,3.0,3.0,2.5,12.0,26991158
Lalitpur,11.37,aana,3891.38,13.0,3.0,3.0,1.0,12.0,19979696
Pokhara,2536.0,sqft,2536.0,28.0,3.0,3.0,3.0,16.0,16597257
Lalitpur,11.56,aana,3956.41,6.0,3.0,2.0,1.0,6.0,15183402
Bhaktapur,1361.0,sqft,1361.0,18.0,2.0,2.0,1.5,14.0,7398381
Lalitpur,4101.0,sqft,4101.0,14.0,5.0,5.0,2.5,9.0,23728615
Pokhara,5947.0,sqft,5947.0,32.0,3.0,1.0,,4.0,31507607
Kathmandu,5.2,aana,1779.7,22.0,4.0,4.0,3.5,11.0,15500844
Lalitpur,845.0,sqft,845.0,28.0,5.0,4.0,2.0,2.0,5358478
Kathmandu,10.39,aana,3555.98,7.0,3.0,2.0,2.0,16.0,24014869
Lalitpur,16.1,aana,5510.23,19.0,2.0,1.0,2.0,11.0,27977116
Kathmandu,5118.0,sqft,5118.0,10.0,3.0,3.0,,19.0,29201167
Lalitpur,4.4,aana,1505.9,17.0,4.0,4.0,2.5,10.0,10334597
Kathmandu,2752.0,sqft,2752.0,33.0,3.0,2.0,2.0,49.0,14845117
Bhaktapur,9.96,aana,3408.81,,5.0,4.0,3.0,34.0,15045852
Pokhara,2805.0,sqft,2805.0,19.0,4.0,2.0,2.5,13.0,11916056
Lalitpur,4.06,aana,1389.53,18.0,5.0,3.0,3.0,12.0,10976406
Kathmandu,2.74,aana,937.77,24.0,4.0,3.0,2.0,5.0,7767216
Pokhara,6625.0,sqft,6625.0,20.0,5.0,3.0,2.5,9.0,32231113
Lalitpur,6.43,aana,2200.67,14.0,1.0,1.0,1.0,9.0,9556365
Pokhara,9.42,aana,3223.99,15.0,6.0,4.0,3.5,10.0,20476937
Pokhara,0.97,ropani,5311.72,15.0,6.0,4.0,4.0,27.0,25268251
Pokhara,3887.0,sqft,3887.0,27.0,4.0,4.0,1.5,18.0,15181572
Pokhara,3864.0,sqft,3864.0,16.0,4.0,3.0,2.0,16.0,20707866
Lalitpur,3161.0,sqft,3161.0,29.0,4.0,2.0,3.0,7.0,27173881
Bhaktapur,6.26,aana,2142.49,18.0,3.0,3.0,2.5,2.0,13617438
Lalitpur,0.77,ropani,4216.52,7.0,5.0,4.0,3.0,1.0,33462371
Pokhara,16.96,aana,5804.56,19.0,5.0,4.0,3.0,2.0,38976309
Butwal,5342.0,sqft,5342.0,18.0,7.0,5.0,3.5,6.0,24796320
Butwal,1.73,katha,6305.85,20.0,3.0,2.0,2.0,2.0,20619307
Bhaktapur,13.32,aana,4558.77,16.0,3.0,2.0,2.0,2.0,32498466
Lalitpur,4328.0,sqft,4328.0,17.0,3.0,2.0,2.5,4.0,30026973
Butwal,5867.0,sqft,5867.0,16.0,,2.0,2.0,8.0,24290782
Pokhara,15.06,aana,5154.28,18.0,4.0,4.0,3.5,9.0,27170553
Chitwan,63.38,dhur,11551.01,17.0,5.0,4.0,3.0,10.0,24926277
Pokhara,9.81,aana,3357.47,6.0,5.0,3.0,3.0,47.0,9446507
Lalitpur,0.25,ropani,1369.0,26.0,3.0,3.0,1.0,4.0,8425045
Bhaktapur,2.84,aana,971.99,10.0,6.0,5.0,3.0,4.0,8673100
Butwal,1.39,katha,5066.55,25.0,3.0,2.0,2.0,19.0,12864390
Pokhara,4.94,aana,1690.72,23.0,5.0,4.0,2.5,9.0,10384019
Kathmandu,12.25,aana,4192.56,17.0,3.0,2.0,2.5,12.0,33388571
Bhaktapur,3.58,aana,1225.26,13.0,2.0,2.0,2.5,6.0,7408462
Lalitpur,2443.0,sqft,2443.0,31.0,4.0,4.0,2.5,6.0,16947469
Kathmandu,4.77,aana,1632.53,10.0,2.0,2.0,1.5,4.0,11151883
Bhaktapur,3.07,aana,1050.71,28.0,5.0,4.0,2.5,8.0,8398789
Kathmandu,1820.0,sqft,1820.0,17.0,5.0,3.0,3.5,3.0,16448473
Chitwan,4.62,katha,16839.9,6.0,5.0,5.0,3.0,6.0,35209322
Chitwan,0.42,katha,1530.9,22.0,4.0,4.0,2.5,13.0,6726348
Kathmandu,6.13,aana,2097.99,16.0,3.0,2.0,2.0,28.0,16651685
Kathmandu,8.73,aana,2987.84,6.0,5.0,3.0,3.5,5.0,26442804
Kathmandu,1569.0,sqft,1569.0,24.0,3.0,3.0,2.0,6.0,14129484
Lalitpur,5.9,aana,2019.28,12.0,1.0,3.0,1.5,6.0,13385470
Butwal,2.71,katha,9877.95,11.0,8.0,7.0,4.0,1.0,40550641
Kathmandu,10.31,aana,3528.6,26.0,4.0,2.0,3.5,20.0,36235130
Butwal,2.24,katha,8164.8,9.0,4.0,3.0,2.0,40.0,15917300
Bhaktapur,11.77,aana,4028.28,10.0,5.0,4.0,3.0,21.0,21907383
Kathmandu,9.29,aana,3179.5,45.0,4.0,3.0,2.5,14.0,24211040
Kathmandu,6.33,aana,2166.44,,3.0,2.0,1.0,3.0,15639653
Lalitpur,8.48,aana,2902.28,26.0,4.0,3.0,1.5,16.0,20336148
Lalitpur,16.29,aana,5575.25,22.0,7.0,5.0,3.0,3.0,49757781
Bhaktapur,7014.0,sqft,7014.0,14.0,3.0,2.0,2.5,44.0,22519205
Bhaktapur,4363.0,sqft,4363.0,11.0,4.0,3.0,2.5,2.0,29790645
Lalitpur,0.3,ropani,1642.8,23.0,4.0,3.0,3.0,4.0,15474686
Pokhara,686.0,sqft,686.0,11.0,2.0,1.0,1.0,15.0,2266456
Lalitpur,7.42,aana,2539.49,24.0,4.0,3.0,2.5,7.0,14108645
Pokhara,1423.0,sqft,1423.0,31.0,4.0,4.0,2.0,16.0,8431680
Pokhara,10.8,aana,3696.3,25.0,3.0,2.0,2.0,29.0,13395284
Pokhara,1684.0,sqft,1684.0,19.0,3.0,3.0,1.5,12.0,6981735
Bhaktapur,12.19,aana,4172.03,7.0,4.0,2.0,2.0,5.0,24321846
Lalitpur,10.63,aana,3638.12,16.0,2.0,2.0,1.5,9.0,20679947
Kathmandu,12.98,aana,4442.4,9.0,7.0,6.0,3.5,13.0,36535359
Lalitpur,4012.0,sqft,4012.0,29.0,3.0,4.0,3.0,8.0,34726836
Pokhara,1311.0,sqft,1311.0,6.0,4.0,3.0,3.0,19.0,6991929
Lalitpur,0.58,ropani,3176.08,37.0,3.0,3.0,2.0,8.0,25174770
Lalitpur,0.47,ropani,2573.72,14.0,5.0,4.0,3.0,5.0,21149165
Kathmandu,9.45,aana,3234.26,15.0,7.0,6.0,3.5,12.0,37568863
Chitwan,6086.0,sqft,6086.0,39.0,3.0,2.0,2.0,24.0,20380449
Kathmandu,3.61,aana,1235.52,13.0,6.0,6.0,2.5,10.0,12817728
Bhaktapur,11.2,aana,3833.2,22.0,3.0,2.0,2.0,13.0,16977557
Lalitpur,2288.0,sqft,2288.0,13.0,4.0,3.0,2.0,17.0,14580304
Pokhara,1.01,ropani,5530.76,24.0,,4.0,4.0,27.0,23622965
Bhaktapur,7085.0,sqft,7085.0,25.0,1.0,1.0,2.0,3.0,37145333
Butwal,1.64,katha,5977.8,8.0,4.0,3.0,3.0,1.0,32766038
Kathmandu,3.43,aana,1173.92,12.0,3.0,2.0,2.0,17.0,7521582
Bhaktapur,7.03,aana,2406.02,15.0,3.0,2.0,2.0,1.0,12738095
Bhaktapur,1248.0,sqft,1248.0,33.0,3.0,2.0,2.0,,9561240
Bhaktapur,12.75,aana,4363.69,9.0,3.0,2.0,2.0,6.0,24648273
Pokhara,0.26,ropani,1423.76,23.0,4.0,3.0,2.5,13.0,7963979
Pokhara,1324.0,sqft,1324.0,6.0,6.0,4.0,4.0,5.0,9824986
Kathmandu,12.66,aana,4332.89,14.0,4.0,3.0,3.0,11.0,40724339
Bhaktapur,6.26,aana,2142.49,23.0,2.0,3.0,2.5,9.0,13031854
Kathmandu,2547.0,sqft,2547.0,21.0,3.0,3.0,2.0,8.0,21042894
Butwal,2.26,katha,8237.7,11.0,4.0,2.0,2.5,2.0,26706481
Pokhara,4839.0,sqft,4839.0,15.0,3.0,2.0,2.0,6.0,21300850
Pokhara,11.73,aana,4014.59,15.0,7.0,5.0,3.5,5.0,20678910
Pokhara,0.31,ropani,1697.56,18.0,6.0,5.0,3.0,9.0,11823394
Kathmandu,4061.0,sqft,4061.0,18.0,2.0,2.0,2.5,17.0,28645666
Bhaktapur,962.0,sqft,962.0,9.0,4.0,3.0,2.5,12.0,7336011
Chitwan,3.22,katha,11736.9,26.0,7.0,5.0,,6.0,31366033
Pokhara,9.65,aana,3302.71,36.0,4.0,3.0,1.5,9.0,15844997
Lalitpur,4459.0,sqft,4459.0,30.0,4.0,3.0,2.5,13.0,38508439
Butwal,5358.0,sqft,5358.0,8.0,3.0,3.0,2.0,6.0,15652420
Bhaktapur,3.85,aana,1317.66,38.0,3.0,2.0,1.5,3.0,6184106
Pokhara,6.36,aana,2176.71,40.0,2.0,1.0,1.5,6.0,12649907
Kathmandu,11.73,aana,4014.59,6.0,6.0,5.0,3.0,8.0,33919709
Bhaktapur,1.26,ropani,6899.76,21.0,3.0,3.0,2.0,6.0,32664338
Kathmandu,0.71,ropani,3887.96,15.0,4.0,4.0,2.0,15.0,31632070
Kathmandu,6468.0,sqft,6468.0,24.0,5.0,5.0,2.5,10.0,50435827
Lalitpur,0.48,ropani,2628.48,35.0,3.0,2.0,2.0,35.0,15257380
Kathmandu,9.33,aana,3193.19,10.0,2.0,1.0,2.0,15.0,22636663
Kathmandu,6.13,aana,2097.99,25.0,4.0,3.0,3.5,6.0,22083885
Bhaktapur,7.27,aana,2488.16,14.0,6.0,4.0,4.0,21.0,19799616
Lalitpur,8.9,aana,3046.03,13.0,6.0,4.0,4.0,6.0,23264804
Butwal,4323.0,sqft,4323.0,6.0,6.0,6.0,3.5,3.0,28107030
Lalitpur,2868.0,sqft,2868.0,20.0,3.0,3.0,1.5,8.0,22728107
Butwal,4651.0,sqft,4651.0,18.0,2.0,2.0,2.0,2.0,19323620
Pokhara,5897.0,sqft,5897.0,17.0,2.0,2.0,1.5,4.0,24375571
Lalitpur,2.22,aana,759.8,16.0,,1.0,2.0,20.0,5203588
Pokhara,20.33,aana,6957.94,14.0,2.0,2.0,2.5,19.0,26508981
Bhaktapur,0.59,ropani,3230.84,15.0,5.0,4.0,3.0,14.0,19965254
Kathmandu,5.96,aana,2039.81,31.0,6.0,4.0,2.5,6.0,18759539
Kathmandu,22.26,aana,7618.49,15.0,6.0,5.0,3.0,35.0,49035825
Chitwan,6169.0,sqft,6169.0,9.0,6.0,4.0,3.0,20.0,27241288
Lalitpur,5.9,aana,2019.28,17.0,5.0,4.0,2.5,13.0,12544178
Lalitpur,5.16,aana,1766.01,34.0,4.0,3.0,2.5,12.0,13431506
Butwal,0.81,katha,2952.45,29.0,5.0,5.0,2.5,13.0,12874123
Butwal,24.89,dhur,4536.2,25.0,3.0,2.0,2.0,25.0,13514860
Kathmandu,15.1,aana,5167.97,15.0,5.0,4.0,2.5,5.0,53339845
Lalitpur,2754.0,sqft,2754.0,33.0,3.0,3.0,,4.0,25240500
Butwal,25.2,dhur,4592.7,11.0,4.0,3.0,3.0,14.0,23789632
Lalitpur,9.81,aana,3357.47,23.0,6.0,4.0,2.0,15.0,20764980
Pokhara,12.46,aana,4264.44,15.0,1.0,2.0,1.0,16.0,16932907
Bhaktapur,5.12,aana,1752.32,13.0,1.0,1.0,1.0,10.0,8098203
Kathmandu,13.3,aana,4551.93,45.0,4.0,3.0,3.0,7.0,43723481
Butwal,2.02,katha,7362.9,10.0,5.0,3.0,3.0,7.0,24840498
Lalitpur,3133.0,sqft,3133.0,11.0,5.0,4.0,2.5,2.0,24892667
Bhaktapur,8.96,aana,3066.56,9.0,4.0,3.0,2.0,14.0,17873879
Bhaktapur,1160.0,sqft,1160.0,21.0,3.0,3.0,3.0,1.0,9114567
Kathmandu,1542.0,sqft,1542.0,13.0,4.0,2.0,2.0,34.0,10367910
Lalitpur,6.47,aana,2214.36,26.0,4.0,3.0,1.5,13.0,10799022
Kathmandu,1780.0,sqft,1780.0,8.0,2.0,2.0,1.0,14.0,9390438
Kathmandu,0.48,ropani,2628.48,7.0,3.0,3.0,1.5,5.0,15676939
Lalitpur,4.12,aana,1410.07,18.0,2.0,2.0,2.0,20.0,10390431
Lalitpur,1639.0,sqft,1639.0,18.0,4.0,4.0,2.0,2.0,10751886
Kathmandu,2555.0,sqft,2555.0,31.0,6.0,4.0,4.0,4.0,36169920
Bhaktapur,5.29,aana,1810.5,38.0,4.0,3.0,2.5,4.0,13612079
Pokhara,6.78,aana,2320.45,23.0,2.0,2.0,1.5,3.0,11382005
Kathmandu,5.64,aana,1930.29,21.0,3.0,2.0,2.5,10.0,17813915
Chitwan,0.3,katha,1093.5,17.0,4.0,3.0,2.0,15.0,3711192
Butwal,57.16,dhur,10417.41,33.0,4.0,4.0,2.5,14.0,25690503
Kathmandu,11.03,aana,3775.02,6.0,3.0,2.0,2.0,45.0,16400693
Butwal,2.76,katha,10060.2,9.0,2.0,2.0,2.5,7.0,39731498
Bhaktapur,11.46,aana,3922.19,24.0,5.0,,2.5,5.0,29845534
Bhaktapur,2410.0,sqft,2410.0,15.0,4.0,3.0,2.5,4.0,14701036
Bhaktapur,6089.0,sqft,6089.0,17.0,3.0,3.0,2.0,11.0,32787377
Kathmandu,7.58,aana,2594.26,25.0,5.0,4.0,2.5,24.0,19806537
Bhaktapur,4.15,aana,1420.34,17.0,4.0,3.0,2.0,9.0,7393546
Kathmandu,1137.0,sqft,1137.0,18.0,5.0,3.0,2.5,15.0,11712846
Lalitpur,12.82,aana,4387.65,23.0,4.0,2.0,3.0,18.0,32844005
Bhaktapur,1239.0,sqft,1239.0,21.0,2.0,1.0,2.0,10.0,7072520
Kathmandu,8.94,aana,3059.71,28.0,3.0,1.0,3.0,14.0,34155684
Lalitpur,0.43,ropani,2354.68,23.0,7.0,5.0,3.5,7.0,23128943
Butwal,1.02,katha,3717.9,10.0,7.0,5.0,3.0,16.0,21927056
Lalitpur,0.37,ropani,2026.12,,5.0,4.0,3.0,7.0,3956527
Butwal,3.71,katha,13522.95,6.0,2.0,2.0,2.0,21.0,21178577
Chitwan,1.47,katha,5358.15,12.0,5.0,4.0,3.0,10.0,21228113
Lalitpur,971.0,sqft,971.0,22.0,6.0,4.0,4.0,35.0,5853368
Chitwan,2.99,katha,10898.55,9.0,3.0,2.0,1.5,35.0,13727267
Pokhara,0.25,ropani,1369.0,38.0,6.0,6.0,3.5,24.0,6739758
Pokhara,15.11,aana,5171.4,23.0,6.0,4.0,3.5,16.0,34189345
Butwal,1.81,katha,6597.45,25.0,6.0,5.0,,17.0,29465038
Bhaktapur,21.11,aana,7224.9,12.0,4.0,4.0,3.0,4.0,51398766
Kathmandu,2378.0,sqft,2378.0,37.0,5.0,3.0,3.0,9.0,23674123
Butwal,1.28,katha,4665.6,14.0,5.0,5.0,2.0,6.0,19251423
Pokhara,0.26,ropani,1423.76,20.0,4.0,2.0,3.0,5.0,12200286
Kathmandu,5.26,aana,1800.23,24.0,8.0,6.0,3.5,42.0,14896652
Pokhara,4041.0,sqft,4041.0,33.0,2.0,2.0,2.5,18.0,19767115
Pokhara,5582.0,sqft,5582.0,8.0,4.0,4.0,1.5,1.0,21742875
Chitwan,2.63,katha,9586.35,19.0,4.0,3.0,2.5,11.0,22194781
Kathmandu,4139.0,sqft,4139.0,17.0,3.0,3.0,1.5,25.0,25142485
Lalitpur,28.44,aana,9733.59,6.0,6.0,6.0,3.5,20.0,56393858
Kathmandu,6.99,aana,2392.33,21.0,3.0,3.0,2.5,28.0,22693935
Bhaktapur,8.23,aana,2816.72,21.0,1.0,1.0,1.0,7.0,11809833
Lalitpur,0.87,ropani,4764.12,9.0,1.0,2.0,1.0,26.0,26029441
Lalitpur,0.27,ropani,1478.52,6.0,5.0,3.0,3.0,3.0,8728283
Lalitpur,1326.0,sqft,1326.0,17.0,3.0,2.0,3.0,20.0,8628454
Butwal,0.74,katha,2697.3,16.0,3.0,2.0,1.0,2.0,7570033
Butwal,3204.0,sqft,3204.0,13.0,3.0,2.0,2.0,22.0,8641209
Chitwan,2.09,katha,7618.05,25.0,5.0,5.0,2.5,20.0,24152644
Pokhara,3.65,aana,1249.21,16.0,4.0,4.0,3.0,9.0,7416327
Kathmandu,3.96,aana,1355.31,15.0,1.0,1.0,1.0,2.0,11363748
Kathmandu,1.0,ropani,5476.0,13.0,1.0,1.0,1.0,12.0,29682097
Kathmandu,2660.0,sqft,2660.0,29.0,6.0,5.0,3.5,10.0,25166933
Chitwan,19.43,dhur,3541.12,8.0,6.0,5.0,3.0,14.0,16398582
Lalitpur,2525.0,sqft,2525.0,15.0,2.0,2.0,2.0,5.0,15037755
Kathmandu,7.6,aana,2601.1,11.0,4.0,4.0,2.5,6.0,20365548
Pokhara,14.98,aana,5126.9,15.0,5.0,3.0,3.0,2.0,44835534
Butwal,0.86,katha,3134.7,11.0,2.0,2.0,1.5,19.0,9673541
Butwal,1.1,katha,4009.5,21.0,3.0,2.0,2.0,10.0,13867591
Bhaktapur,2.0,aana,684.5,6.0,4.0,4.0,3.0,6.0,3902118
Butwal,1.68,katha,6123.6,21.0,4.0,3.0,2.5,40.0,15917382
Pokhara,2216.0,sqft,2216.0,6.0,4.0,3.0,2.0,21.0,9843917
Kathmandu,0.69,ropani,3778.44,13.0,4.0,3.0,2.5,7.0,26352863
Bhaktapur,6.17,aana,2111.68,26.0,3.0,1.0,3.0,10.0,13763861
Kathmandu,7.79,aana,2666.13,10.0,4.0,3.0,2.5,20.0,16807145
Chitwan,4907.0,sqft,4907.0,29.0,4.0,4.0,2.5,0.0,22972278
Pokhara,4410.0,sqft,4410.0,17.0,3.0,2.0,2.0,14.0,21612064
Pokhara,5.2,aana,1779.7,12.0,5.0,4.0,2.5,4.0,9157609
Kathmandu,12.16,aana,4161.76,31.0,2.0,,2.0,7.0,38098202
Chitwan,1.63,katha,5941.35,17.0,4.0,4.0,2.5,14.0,19941450
Bhaktapur,4.14,aana,1416.91,28.0,5.0,5.0,4.0,27.0,8556712
Lalitpur,3.23,aana,1105.47,18.0,2.0,2.0,2.0,6.0,7910758
Kathmandu,8.83,aana,3022.07,21.0,5.0,4.0,3.0,15.0,30418323
Kathmandu,1785.0,sqft,1785.0,24.0,6.0,4.0,2.0,22.0,10579730
Bhaktapur,3348.0,sqft,3348.0,44.0,3.0,2.0,2.0,17.0,20160258
Kathmandu,0.71,ropani,3887.96,26.0,4.0,4.0,2.5,3.0,36626878
Kathmandu,1302.0,sqft,1302.0,17.0,3.0,3.0,2.5,8.0,8889770
Chitwan,3252.0,sqft,3252.0,20.0,4.0,4.0,3.0,24.0,12622278
Lalitpur,5.26,aana,1800.23,23.0,4.0,4.0,2.5,38.0,9169604
Butwal,12305.0,sqft,12305.0,26.0,1.0,1.0,1.0,6.0,24287886
Pokhara,2986.0,sqft,2986.0,12.0,1.0,1.0,2.0,21.0,10133310
Lalitpur,8.92,aana,3052.87,17.0,4.0,3.0,2.5,8.0,25905827
Kathmandu,2182.0,sqft,2182.0,13.0,2.0,2.0,2.0,8.0,17648250
Pokhara,0.47,ropani,2573.72,20.0,6.0,5.0,4.0,45.0,12706100
Kathmandu,0.32,ropani,1752.32,16.0,5.0,4.0,3.0,4.0,18501516
Kathmandu,1333.0,sqft,1333.0,19.0,6.0,4.0,,15.0,10937536
Lalitpur,1117.0,sqft,1117.0,17.0,1.0,1.0,2.5,18.0,10175070
Kathmandu,6.58,aana,2252.01,6.0,5.0,4.0,3.0,10.0,21905519
Bhaktapur,4.55,aana,1557.24,18.0,5.0,5.0,3.5,32.0,10255643
Kathmandu,3.68,aana,1259.48,9.0,3.0,2.0,2.0,11.0,9632762
Lalitpur,2468.0,sqft,2468.0,25.0,4.0,4.0,,11.0,17381348
Chitwan,1.32,katha,4811.4,21.0,4.0,3.0,2.5,12.0,20229612
Butwal,4771.0,sqft,4771.0,20.0,5.0,4.0,3.0,20.0,19016624
Kathmandu,13.16,aana,4504.01,32.0,4.0,3.0,3.0,4.0,42259824
Lalitpur,0.85,ropani,4654.6,31.0,2.0,1.0,2.0,12.0,29820024
Kathmandu,5.71,aana,1954.25,10.0,5.0,3.0,2.5,19.0,11632157
Kathmandu,9.52,aana,3258.22,17.0,6.0,5.0,4.0,12.0,27409011
Pokhara,5873.0,sqft,5873.0,17.0,4.0,3.0,2.5,6.0,32305516
Kathmandu,5.07,aana,1735.21,16.0,5.0,4.0,3.5,4.0,16558025
Bhaktapur,5512.0,sqft,5512.0,43.0,4.0,3.0,2.5,19.0,37068206
Kathmandu,1702.0,sqft,1702.0,14.0,5.0,4.0,2.0,7.0,13689303
Kathmandu,4.55,aana,1557.24,15.0,3.0,3.0,2.5,14.0,11125505
Pokhara,9.51,aana,3254.8,34.0,7.0,5.0,4.0,11.0,25220077
Chitwan,2.0,katha,7290.0,10.0,2.0,2.0,2.0,21.0,14706926
Pokhara,0.24,ropani,1314.24,18.0,1.0,1.0,1.5,11.0,5741474
Butwal,2.37,katha,8638.65,10.0,4.0,3.0,3.0,17.0,26015096
Lalitpur,2862.0,sqft,2862.0,28.0,3.0,1.0,2.0,12.0,20991771
Lalitpur,39.18,aana,13409.35,29.0,4.0,3.0,3.0,16.0,62853540
Lalitpur,3.48,aana,1191.03,18.0,4.0,4.0,3.0,11.0,5304173
Bhaktapur,6.79,aana,2323.88,23.0,4.0,2.0,2.5,16.0,15207436
Lalitpur,4321.0,sqft,4321.0,17.0,7.0,5.0,,9.0,45026355
Lalitpur,1084.0,sqft,1084.0,16.0,2.0,1.0,1.5,6.0,5331507
Pokhara,7.39,aana,2529.23,15.0,6.0,4.0,4.0,14.0,22072838
Kathmandu,8.31,aana,2844.1,25.0,,1.0,1.0,10.0,18445554
Pokhara,12.74,aana,4360.27,16.0,4.0,2.0,3.0,13.0,27124386
Kathmandu,5.51,aana,1885.8,22.0,7.0,5.0,4.0,2.0,19578292
Kathmandu,10.49,aana,3590.2,17.0,4.0,3.0,2.0,3.0,33317711
Bhaktapur,5.86,aana,2005.59,28.0,1.0,1.0,1.5,24.0,12928006
Bhaktapur,0.27,ropani,1478.52,10.0,5.0,3.0,2.0,1.0,8964056
Lalitpur,1720.0,sqft,1720.0,9.0,4.0,2.0,3.0,12.0,12645027
Kathmandu,15.36,aana,5256.96,14.0,3.0,1.0,1.5,18.0,36723357
Bhaktapur,2119.0,sqft,2119.0,13.0,4.0,3.0,2.5,5.0,13224646
Chitwan,1.02,katha,3717.9,20.0,3.0,2.0,2.0,23.0,10896399
Kathmandu,6794.0,sqft,6794.0,22.0,5.0,3.0,3.0,19.0,46386685
Butwal,6030.0,sqft,6030.0,10.0,1.0,1.0,1.0,4.0,12355368
Kathmandu,17.82,aana,6098.9,9.0,2.0,2.0,1.0,8.0,33578695
Butwal,1.74,katha,6342.3,21.0,5.0,2.0,2.5,4.0,21764583
Lalitpur,0.67,ropani,3668.92,25.0,2.0,2.0,2.0,26.0,24927681
Lalitpur,6.01,aana,2056.92,22.0,1.0,2.0,2.0,15.0,10432969
Kathmandu,0.49,ropani,2683.24,17.0,4.0,3.0,2.5,9.0,23843898
Kathmandu,8.88,aana,3039.18,37.0,6.0,4.0,2.5,20.0,32304731
Kathmandu,2860.0,sqft,2860.0,10.0,6.0,5.0,2.5,7.0,19315094
Bhaktapur,8.98,aana,3073.41,26.0,1.0,1.0,2.0,9.0,19528352
Kathmandu,12.25,aana,4192.56,14.0,6.0,5.0,3.0,12.0,27637176
Bhaktapur,3.65,aana,1249.21,15.0,5.0,4.0,3.0,16.0,7707338
Lalitpur,0.21,ropani,1149.96,10.0,3.0,2.0,2.0,20.0,7691606
Kathmandu,11.08,aana,3792.13,8.0,6.0,4.0,3.5,21.0,26560447
Kathmandu,27.84,aana,9528.24,7.0,8.0,6.0,3.5,22.0,41917022
Pokhara,9298.0,sqft,9298.0,19.0,2.0,2.0,1.5,4.0,35546947
Pokhara,4198.0,sqft,4198.0,15.0,5.0,3.0,2.5,6.0,26350165
Pokhara,1424.0,sqft,1424.0,15.0,3.0,2.0,1.0,11.0,3938261
Lalitpur,3.69,aana,1262.9,6.0,5.0,4.0,3.0,10.0,8182211
Kathmandu,2165.0,sqft,2165.0,22.0,3.0,2.0,2.0,11.0,20628643
Lalitpur,2572.0,sqft,2572.0,18.0,5.0,3.0,3.0,21.0,17973180
Lalitpur,6.1,aana,2087.72,6.0,5.0,4.0,3.0,26.0,14239346
Lalitpur,31.08,aana,10637.13,13.0,2.0,1.0,2.5,1.0,52509964
Lalitpur,2.85,aana,975.41,25.0,4.0,4.0,3.0,13.0,11252108
Bhaktapur,1766.0,sqft,1766.0,,5.0,5.0,3.5,10.0,15386596
Pokhara,0.25,ropani,1369.0,13.0,6.0,4.0,3.0,7.0,8571966
Kathmandu,0.25,ropani,1369.0,42.0,2.0,2.0,2.5,3.0,19202697
Kathmandu,6.85,aana,2344.41,16.0,7.0,5.0,3.5,28.0,18134538
Lalitpur,5.83,aana,1995.32,6.0,6.0,4.0,3.5,7.0,20343228
Lalitpur,3218.0,sqft,3218.0,6.0,4.0,2.0,2.5,12.0,16450705
Chitwan,17.37,dhur,3165.68,26.0,6.0,,3.0,7.0,15306069
Pokhara,3823.0,sqft,3823.0,28.0,5.0,3.0,3.0,12.0,26303641
Kathmandu,1051.0,sqft,1051.0,28.0,4.0,3.0,2.5,8.0,13950830
Lalitpur,2733.0,sqft,2733.0,28.0,5.0,4.0,3.0,20.0,15903449
Kathmandu,0.34,ropani,1861.84,13.0,4.0,3.0,2.0,3.0,18003994
Lalitpur,0.5,ropani,2738.0,21.0,4.0,3.0,2.5,5.0,24628135
Kathmandu,4.63,aana,1584.62,19.0,5.0,4.0,3.0,25.0,13591229
Lalitpur,6.45,aana,2207.51,17.0,2.0,2.0,2.5,15.0,16951026
Lalitpur,0.64,ropani,3504.64,35.0,5.0,5.0,3.5,15.0,31412484
Kathmandu,4.82,aana,1649.65,12.0,6.0,3.0,3.0,13.0,14963894
Butwal,1.23,katha,4483.35,16.0,6.0,4.0,4.0,13.0,21824857
Pokhara,6110.0,sqft,6110.0,12.0,3.0,2.0,2.0,14.0,24397335
Bhaktapur,7.07,aana,2419.71,8.0,3.0,3.0,2.0,10.0,16099639
Kathmandu,2454.0,sqft,2454.0,13.0,3.0,2.0,2.5,4.0,20076743
Kathmandu,7.62,aana,2607.95,9.0,4.0,2.0,3.0,14.0,20251327
Kathmandu,2461.0,sqft,2461.0,15.0,1.0,1.0,1.5,2.0,17873756
Butwal,1.22,katha,4446.9,9.0,4.0,4.0,3.0,6.0,24943480
Kathmandu,2149.0,sqft,2149.0,28.0,3.0,1.0,,7.0,15588308
Kathmandu,0.41,ropani,2245.16,43.0,4.0,3.0,2.5,17.0,23091904
Kathmandu,4.83,aana,1653.07,17.0,5.0,3.0,3.5,9.0,15778342
Pokhara,2615.0,sqft,2615.0,25.0,5.0,4.0,2.5,4.0,16186694
Kathmandu,6398.0,sqft,6398.0,19.0,3.0,1.0,2.5,21.0,36280494
Lalitpur,6.93,aana,2371.79,12.0,4.0,3.0,3.5,21.0,21005500
Lalitpur,0.35,ropani,1916.6,16.0,2.0,1.0,1.5,47.0,8563269
Chitwan,1.55,katha,5649.75,6.0,2.0,2.0,2.0,3.0,17889107
Pokhara,12.68,aana,4339.73,29.0,4.0,3.0,3.0,35.0,25811298
Kathmandu,0.62,ropani,3395.12,20.0,3.0,3.0,,12.0,32652094
Chitwan,1.76,katha,6415.2,20.0,4.0,3.0,3.5,16.0,35607349
Kathmandu,3.81,aana,1303.97,28.0,6.0,5.0,4.0,15.0,12737576
Pokhara,3539.0,sqft,3539.0,24.0,6.0,4.0,4.0,29.0,20925340
Lalitpur,17.89,aana,6122.85,18.0,2.0,1.0,1.0,4.0,30149427
Lalitpur,2725.0,sqft,2725.0,18.0,5.0,5.0,2.5,7.0,22057226
Lalitpur,7.62,aana,2607.95,7.0,3.0,3.0,2.0,4.0,14197296
Lalitpur,6.53,aana,2234.89,10.0,4.0,1.0,2.0,20.0,17314222
Lalitpur,1.57,ropani,8597.32,9.0,7.0,4.0,4.0,3.0,56246033
Kathmandu,8474.0,sqft,8474.0,18.0,5.0,2.0,3.5,0.0,63772317
Chitwan,11788.0,sqft,11788.0,18.0,4.0,2.0,2.5,23.0,23678529
Lalitpur,2481.0,sqft,2481.0,21.0,4.0,2.0,3.0,26.0,17924816
Kathmandu,4592.0,sqft,4592.0,37.0,8.0,6.0,4.0,,58984715
Lalitpur,5.38,aana,1841.31,23.0,3.0,2.0,2.5,17.0,14432175
Lalitpur,21.14,aana,7235.16,,3.0,3.0,2.0,11.0,31154733
Pokhara,0.35,ropani,1916.6,20.0,5.0,3.0,3.5,7.0,16387850
Butwal,8053.0,sqft,8053.0,18.0,4.0,3.0,2.5,11.0,24306710
Kathmandu,1830.0,sqft,1830.0,12.0,,3.0,2.5,13.0,16942743
Lalitpur,2738.0,sqft,2738.0,7.0,2.0,1.0,2.0,8.0,16558496
Kathmandu,9.27,aana,3172.66,6.0,,2.0,2.5,15.0,17178428
Bhaktapur,10.05,aana,3439.61,13.0,4.0,3.0,2.5,7.0,23816327
Pokhara,9.22,aana,3155.55,17.0,5.0,3.0,3.5,11.0,24042307
Pokhara,3670.0,sqft,3670.0,11.0,6.0,5.0,2.5,16.0,18314260
Lalitpur,3134.0,sqft,3134.0,27.0,6.0,4.0,3.5,7.0,34567683
Kathmandu,0.58,ropani,3176.08,15.0,6.0,5.0,3.0,9.0,34464632
Bhaktapur,6969.0,sqft,6969.0,19.0,3.0,2.0,3.0,7.0,42780984
Lalitpur,0.36,ropani,1971.36,25.0,5.0,5.0,2.0,17.0,12143627
Chitwan,8984.0,sqft,8984.0,14.0,7.0,6.0,3.0,25.0,26123886
Kathmandu,20.2,aana,6913.45,21.0,4.0,2.0,2.5,3.0,53165992
Bhaktapur,5.12,aana,1752.32,17.0,4.0,3.0,3.0,3.0,14281268
Butwal,6281.0,sqft,6281.0,15.0,4.0,4.0,3.0,28.0,18377042
Chitwan,1.74,katha,6342.3,13.0,4.0,2.0,2.5,12.0,20756458
Pokhara,1259.0,sqft,1259.0,12.0,2.0,1.0,1.0,8.0,3631754
Pokhara,6.89,aana,2358.1,26.0,4.0,3.0,2.0,10.0,12056337
Bhaktapur,12.03,aana,4117.27,26.0,5.0,4.0,3.0,19.0,22797239
Bhaktapur,0.17,ropani,930.92,13.0,4.0,3.0,2.5,7.0,5764257
Lalitpur,6.33,aana,2166.44,21.0,6.0,5.0,3.0,2.0,20703407
Bhaktapur,2771.0,sqft,2771.0,6.0,2.0,1.0,1.0,28.0,9161921
Butwal,3.59,katha,13085.55,30.0,5.0,3.0,3.0,16.0,27933576
Butwal,3.38,katha,12320.1,23.0,5.0,5.0,3.5,6.0,43789079
Kathmandu,4.08,aana,1396.38,31.0,2.0,1.0,2.5,,13832386
Kathmandu,4573.0,sqft,4573.0,10.0,5.0,3.0,4.0,14.0,41254188
Kathmandu,3.92,aana,1341.62,12.0,2.0,1.0,2.0,4.0,11529540
Lalitpur,12.92,aana,4421.87,20.0,6.0,5.0,2.5,19.0,33966679
Bhaktapur,5.88,aana,2012.43,19.0,5.0,4.0,2.0,9.0,9229340
Kathmandu,2210.0,sqft,2210.0,23.0,3.0,1.0,2.0,36.0,17138071
Bhaktapur,2696.0,sqft,2696.0,8.0,6.0,6.0,3.5,4.0,21954917
Bhaktapur,2.1,aana,718.73,7.0,6.0,5.0,2.5,9.0,5540312
Bhaktapur,6059.0,sqft,6059.0,27.0,1.0,1.0,1.0,3.0,26042491
Lalitpur,1998.0,sqft,1998.0,12.0,3.0,2.0,1.5,6.0,12055287
Lalitpur,7.4,aana,2532.65,14.0,4.0,3.0,2.0,3.0,4044172
Bhaktapur,2434.0,sqft,2434.0,24.0,5.0,3.0,3.5,15.0,19349563
Pokhara,0.22,ropani,1204.72,9.0,5.0,3.0,3.0,20.0,6430133
Kathmandu,4.65,aana,1591.46,21.0,5.0,4.0,2.0,17.0,11444336
Lalitpur,0.52,ropani,2847.52,22.0,4.0,3.0,2.5,3.0,20349439
Lalitpur,4.57,aana,1564.08,9.0,1.0,2.0,1.0,25.0,5866915
Lalitpur,4.95,aana,1694.14,14.0,3.0,2.0,2.0,9.0,14273381
Pokhara,0.86,ropani,4709.36,34.0,,6.0,4.0,7.0,35583346
Bhaktapur,1985.0,sqft,1985.0,11.0,6.0,4.0,3.5,12.0,12396165
Kathmandu,5.26,aana,1800.23,11.0,5.0,4.0,2.5,9.0,12306823
Bhaktapur,10.19,aana,3487.53,20.0,2.0,,1.0,29.0,13072336
Lalitpur,7.28,aana,2491.58,14.0,3.0,2.0,2.5,10.0,21018651
Lalitpur,1211.0,sqft,1211.0,12.0,4.0,4.0,2.5,16.0,10061534
Butwal,1.43,katha,5212.35,22.0,1.0,1.0,1.5,7.0,17993924
Kathmandu,15.55,aana,5321.99,18.0,2.0,2.0,1.0,9.0,27246657
Kathmandu,0.58,ropani,3176.08,15.0,4.0,3.0,2.5,12.0,18818549
Bhaktapur,13.77,aana,4712.78,8.0,5.0,3.0,2.5,2.0,36663758
Kathmandu,0.71,ropani,3887.96,18.0,3.0,3.0,2.5,8.0,33457091
Lalitpur,5.24,aana,1793.39,29.0,4.0,3.0,2.5,22.0,13464142
Pokhara,5.53,aana,1892.64,27.0,3.0,2.0,2.5,13.0,10093144
Lalitpur,8.22,aana,2813.3,28.0,7.0,4.0,4.0,4.0,26875275
Butwal,16.82,dhur,3065.45,8.0,2.0,,1.0,10.0,7874535
Butwal,2.17,katha,7909.65,9.0,6.0,5.0,3.0,12.0,20270513
Kathmandu,8.72,aana,2984.42,22.0,5.0,4.0,3.0,2.0,39415758
Lalitpur,4.2,aana,1437.45,8.0,,,3.0,15.0,9717327
Butwal,3.83,katha,13960.35,31.0,4.0,3.0,3.0,22.0,35135977
Lalitpur,8.16,aana,2792.76,13.0,3.0,2.0,2.5,2.0,20274290
Pokhara,6.58,aana,2252.01,15.0,3.0,2.0,2.0,14.0,11951860
Kathmandu,0.4,ropani,2190.4,25.0,,2.0,2.0,22.0,15440228
Pokhara,0.84,ropani,4599.84,13.0,5.0,4.0,1.5,4.0,21860852
Bhaktapur,2526.0,sqft,2526.0,24.0,1.0,1.0,2.0,7.0,17386876
Pokhara,0.67,ropani,3668.92,15.0,5.0,3.0,2.0,2.0,18780356
Pokhara,10.78,aana,3689.45,17.0,7.0,5.0,3.5,21.0,24371686
Pokhara,23.5,aana,8042.88,19.0,3.0,2.0,2.5,7.0,43233471
Lalitpur,1354.0,sqft,1354.0,8.0,4.0,4.0,2.0,8.0,7861797
Bhaktapur,8.23,aana,2816.72,18.0,4.0,4.0,2.5,13.0,26663524
Kathmandu,1901.0,sqft,1901.0,40.0,3.0,2.0,2.5,16.0,19972388
Pokhara,1299.0,sqft,1299.0,15.0,7.0,5.0,2.5,0.0,7697250
Chitwan,98.97,dhur,18037.28,19.0,2.0,2.0,1.5,3.0,26945393
Kathmandu,8.0,aana,2738.0,6.0,4.0,4.0,2.0,28.0,13609047
Bhaktapur,3.62,aana,1238.94,10.0,3.0,2.0,,13.0,4155557
Lalitpur,6.63,aana,2269.12,12.0,5.0,3.0,3.0,10.0,17407752
Bhaktapur,6.94,aana,2375.22,6.0,2.0,1.0,1.0,20.0,6555696
Chitwan,1.46,katha,5321.7,11.0,7.0,5.0,4.0,1.0,33813181
Kathmandu,2.13,aana,728.99,25.0,3.0,2.0,2.0,26.0,5663875
Lalitpur,1457.0,sqft,1457.0,17.0,6.0,3.0,3.5,11.0,10511477
Bhaktapur,10.43,aana,3569.67,10.0,3.0,2.0,1.5,10.0,14223790
Bhaktapur,17.62,aana,6030.45,22.0,3.0,3.0,1.5,18.0,24948356
Lalitpur,4.57,aana,1564.08,9.0,6.0,4.0,3.5,11.0,15256355
Bhaktapur,14.0,aana,4791.5,20.0,4.0,2.0,2.0,4.0,25387735
Kathmandu,12.97,aana,4438.98,19.0,,2.0,,7.0,35702831
Pokhara,0.41,ropani,2245.16,29.0,6.0,3.0,3.0,7.0,16362740
Kathmandu,10.37,aana,3549.13,13.0,6.0,6.0,3.0,21.0,23036923
Bhaktapur,4515.0,sqft,4515.0,18.0,4.0,3.0,2.0,10.0,25688835
Kathmandu,0.42,ropani,2299.92,26.0,2.0,1.0,2.0,18.0,19193216
Pokhara,5.05,aana,1728.36,8.0,3.0,3.0,2.5,22.0,8186465
Lalitpur,0.37,ropani,2026.12,13.0,3.0,2.0,1.0,2.0,15322320
Kathmandu,0.4,ropani,2190.4,22.0,5.0,4.0,3.5,16.0,23145911
Pokhara,9.82,aana,3360.89,9.0,3.0,2.0,2.5,26.0,13021580
Pokhara,1.39,ropani,7611.64,13.0,3.0,2.0,2.0,2.0,29144017
Kathmandu,2737.0,sqft,2737.0,30.0,1.0,1.0,1.0,20.0,21896636
Butwal,1.03,katha,3754.35,12.0,2.0,2.0,2.0,8.0,14543629
Chitwan,31.01,dhur,5651.57,18.0,6.0,5.0,3.5,11.0,26681225
Chitwan,4668.0,sqft,4668.0,21.0,2.0,3.0,1.5,18.0,12867269
Kathmandu,7.41,aana,2536.07,9.0,3.0,2.0,2.0,8.0,20139335
Chitwan,75.26,dhur,13716.14,18.0,1.0,1.0,1.0,17.0,20975481
Bhaktapur,9.91,aana,3391.7,21.0,3.0,2.0,2.0,15.0,21747331
Lalitpur,0.46,ropani,2518.96,13.0,5.0,4.0,2.0,14.0,15110356
Pokhara,0.96,ropani,5256.96,16.0,4.0,4.0,2.5,4.0,25688486
Bhaktapur,3.34,aana,1143.12,8.0,7.0,5.0,4.0,9.0,8745162
Kathmandu,9.58,aana,3278.76,15.0,3.0,2.0,2.0,21.0,27206691
Kathmandu,0.6,ropani,3285.6,31.0,5.0,3.0,2.0,4.0,38611810
Kathmandu,1255.0,sqft,1255.0,16.0,3.0,2.0,2.0,10.0,12305328
Kathmandu,2974.0,sqft,2974.0,24.0,4.0,3.0,2.0,15.0,19021385
Pokhara,7.41,aana,2536.07,13.0,4.0,3.0,2.5,38.0,9346225
Lalitpur,20.03,aana,6855.27,9.0,4.0,3.0,2.5,10.0,36014685
Lalitpur,9.84,aana,3367.74,14.0,2.0,2.0,1.0,3.0,19604891
Pokhara,1446.0,sqft,1446.0,19.0,5.0,5.0,2.5,10.0,6534557
Chitwan,0.7,katha,2551.5,14.0,3.0,2.0,1.0,11.0,5697371
Lalitpur,1195.0,sqft,1195.0,14.0,5.0,4.0,3.0,7.0,8900957
Butwal,1.88,katha,6852.6,22.0,3.0,2.0,2.0,5.0,105035364
Lalitpur,0.41,ropani,2245.16,16.0,5.0,4.0,3.5,9.0,14901065
Lalitpur,5035.0,sqft,5035.0,19.0,3.0,2.0,1.5,15.0,31161852
Kathmandu,7.32,aana,2505.27,12.0,5.0,4.0,2.5,7.0,20479125
Pokhara,0.34,ropani,1861.84,15.0,5.0,3.0,4.0,7.0,13326497
Chitwan,5291.0,sqft,5291.0,20.0,3.0,2.0,2.5,24.0,19956445
Bhaktapur,4.44,aana,1519.59,7.0,3.0,2.0,1.5,13.0,6282285
Bhaktapur,2129.0,sqft,2129.0,19.0,2.0,2.0,1.0,13.0,10245902
Kathmandu,0.52,ropani,2847.52,14.0,5.0,3.0,3.0,26.0,20594109
Pokhara,4.49,aana,1536.7,6.0,2.0,2.0,1.5,8.0,5748180
Chitwan,2.76,katha,10060.2,13.0,5.0,4.0,3.0,18.0,27910199
Kathmandu,15.4,aana,5270.65,17.0,7.0,4.0,4.0,22.0,43677120
Kathmandu,5.85,aana,2002.16,21.0,5.0,3.0,3.0,11.0,18974645
Lalitpur,2.64,aana,903.54,20.0,4.0,3.0,3.0,7.0,6421436
Kathmandu,4957.0,sqft,4957.0,21.0,4.0,3.0,3.0,7.0,47867644
Lalitpur,8.12,aana,2779.07,7.0,2.0,1.0,1.5,16.0,14206398
Kathmandu,2.65,aana,906.96,31.0,3.0,1.0,1.5,12.0,8777687
Kathmandu,2912.0,sqft,2912.0,11.0,4.0,3.0,1.5,12.0,19127608
Kathmandu,0.56,ropani,3066.56,21.0,5.0,3.0,2.0,25.0,32767013
Bhaktapur,5960.0,sqft,5960.0,33.0,2.0,2.0,1.5,5.0,32514915
Lalitpur,5.74,aana,1964.52,,2.0,1.0,2.0,8.0,13113568
Chitwan,20.89,dhur,3807.2,10.0,4.0,3.0,3.5,4.0,19715200
Lalitpur,0.95,ropani,5202.2,7.0,3.0,1.0,2.0,22.0,27373663
Chitwan,50.85,dhur,9267.41,12.0,4.0,4.0,2.5,4.0,28602762
Kathmandu,8.46,aana,2895.44,16.0,5.0,3.0,3.5,,29917854
Kathmandu,1.01,ropani,5530.76,18.0,5.0,3.0,3.0,3.0,64926506
Kathmandu,1907.0,sqft,1907.0,8.0,3.0,2.0,1.5,11.0,11261663
Kathmandu,5.7,aana,1950.83,18.0,6.0,5.0,2.5,19.0,19316800
Bhaktapur,629.0,sqft,629.0,26.0,1.0,1.0,1.0,13.0,2509926
Lalitpur,4.89,aana,1673.6,24.0,7.0,5.0,4.0,30.0,15438798
Pokhara,11.5,aana,3935.88,32.0,4.0,3.0,2.5,13.0,24284450
Lalitpur,23.58,aana,8070.25,9.0,6.0,4.0,3.0,19.0,51026827
Kathmandu,2.76,aana,944.61,15.0,6.0,5.0,3.0,12.0,8096000
Kathmandu,10.01,aana,3425.92,14.0,5.0,4.0,2.5,6.0,24451211
Lalitpur,0.55,ropani,3011.8,28.0,4.0,3.0,2.5,4.0,26135510
Lalitpur,9.12,aana,3121.32,13.0,4.0,3.0,2.5,13.0,23096101
Lalitpur,1.06,ropani,5804.56,8.0,5.0,4.0,2.0,1.0,32187358
Pokhara,12981.0,sqft,12981.0,35.0,6.0,4.0,3.0,12.0,46358647
Lalitpur,4.46,aana,1526.43,22.0,2.0,2.0,1.5,12.0,10084570
Kathmandu,1453.0,sqft,1453.0,16.0,3.0,2.0,2.5,19.0,11509567
Lalitpur,0.31,ropani,1697.56,22.0,3.0,2.0,2.0,17.0,14626789
Kathmandu,2495.0,sqft,2495.0,16.0,1.0,1.0,1.0,27.0,12376909
Bhaktapur,0.88,ropani,4818.88,10.0,3.0,2.0,2.0,15.0,21233467
Chitwan,0.5,katha,1822.5,32.0,6.0,5.0,4.0,4.0,13835215
Kathmandu,2576.0,sqft,2576.0,17.0,4.0,4.0,2.5,8.0,23101604
Lalitpur,2738.0,sqft,2738.0,7.0,2.0,1.0,2.0,8.0,16558496
Lalitpur,6.6,aana,2258.85,12.0,5.0,3.0,3.0,4.0,19840152
Bhaktapur,5810.0,sqft,5810.0,11.0,3.0,3.0,2.0,12.0,23250943
Chitwan,1995.0,sqft,1995.0,10.0,5.0,4.0,,26.0,8318836
Bhaktapur,4.14,aana,1416.91,19.0,4.0,3.0,3.0,6.0,9607944
Bhaktapur,5512.0,sqft,5512.0,43.0,4.0,3.0,2.5,19.0,37068206
Chitwan,3.25,katha,11846.25,8.0,2.0,2.0,1.0,21.0,16526452
Kathmandu,8.85,aana,3028.91,10.0,5.0,4.0,3.0,25.0,21022328
Lalitpur,4.89,aana,1673.6,24.0,7.0,5.0,4.0,30.0,15438798
Kathmandu,6225.0,sqft,6225.0,9.0,3.0,3.0,2.0,8.0,59728677
Butwal,17.11,dhur,3118.3,8.0,3.0,2.0,2.5,14.0,10909941
Kathmandu,1903.0,sqft,1903.0,18.0,4.0,2.0,1.5,9.0,14709134
Kathmandu,3.68,aana,1259.48,9.0,3.0,2.0,2.0,11.0,9632762
Bhaktapur,2274.0,sqft,2274.0,30.0,5.0,5.0,3.0,9.0,19398622
Lalitpur,9.81,aana,3357.47,23.0,6.0,4.0,2.0,15.0,20764980
Kathmandu,5883.0,sqft,5883.0,18.0,3.0,3.0,1.5,15.0,39811723
Bhaktapur,5.6,aana,1916.6,16.0,4.0,2.0,2.0,6.0,13821878
Bhaktapur,5.62,aana,1923.44,32.0,4.0,,3.0,3.0,17861359
Kathmandu,3.09,aana,1057.55,10.0,3.0,2.0,2.0,7.0,6194832
Kathmandu,1310.0,sqft,1310.0,6.0,4.0,3.0,2.0,16.0,9875528
Butwal,1.26,katha,4592.7,14.0,6.0,4.0,4.0,23.0,19754516
Pokhara,11.73,aana,4014.59,15.0,7.0,5.0,3.5,5.0,20678910
Pokhara,2823.0,sqft,2823.0,19.0,6.0,4.0,2.0,4.0,14567520
Kathmandu,20.2,aana,6913.45,29.0,5.0,4.0,2.0,2.0,69522997
Chitwan,2.79,katha,10169.55,10.0,3.0,3.0,2.5,25.0,21748887
Pokhara,1.65,aana,564.71,14.0,4.0,3.0,3.0,16.0,3425575
Pokhara,0.71,ropani,3887.96,16.0,1.0,1.0,1.0,6.0,17810750
Lalitpur,0.65,ropani,3559.4,33.0,7.0,5.0,3.5,18.0,33326760
Bhaktapur,7.71,aana,2638.75,16.0,3.0,1.0,2.0,45.0,12735682
Bhaktapur,5.06,aana,1731.78,26.0,3.0,2.0,2.0,9.0,11344532
Pokhara,1692.0,sqft,1692.0,38.0,2.0,2.0,1.5,26.0,7557093
Kathmandu,9.16,aana,3135.01,18.0,3.0,3.0,1.5,16.0,23791732
Kathmandu,16.93,aana,5794.29,23.0,1.0,1.0,1.0,5.0,25836876
